id	segment	baseline_index	physical_line	baseline	token	action	certainty	literal	alternatives	images	observation
s0t000	0	0	P1.C01	for	for	retain	not_individually_graded	co	[]	"[""L1-02.png""]"	
s0t001	0	1	P1.C01	ub	ub	retain	not_individually_graded	mu	[]	"[""L1-02.png""]"	
s0t002	0	2	P1.C01	id	id	retain	not_individually_graded	ni	[]	"[""L1-02.png""]"	
s0t003	0	3	P1.C01	#	#	retain	not_individually_graded	s	[]	"[""L1-02.png""]"	
s0t004	0	4	P1.C01	X	X	retain	not_individually_graded	a	[]	"[""L1-02.png""]"	
s0t005	0	5	P1.C01	10	10	retain	not_individually_graded	u	[]	"[""L1-02.png""]"	
s0t006	0	6	P1.C01	his	his	retain	uncertain	gi	"[""his"", ""hus"", ""lus""]"	"[""L1-02.png""]"	The title requires gu under the proposed reading. hus and lus both yield gu in v4; compare lus at s2t140. The first letter/vowel are not sufficiently clear to elect a new transcription.
s0t007	0	7	P1.C01	#	#	retain	not_individually_graded	s	[]	"[""L1-02.png""]"	
s0t008	0	8	P1.C01	xir	xir	retain	not_individually_graded	ti	[]	"[""L1-02.png""]"	
s0t009	0	9	P1.C01	tis	tis	retain	not_individually_graded	si	[]	"[""L1-02.png""]"	
s0t010	0	10	P1.C01	eb	eb	retain	not_individually_graded	me	[]	"[""L1-02.png""]"	
s0t011	0	11	P1.C01	od	od	retain	not_individually_graded	no	[]	"[""L1-02.png""]"	
s0t012	0	12	P1.C01	#	#	retain	not_individually_graded	s	[]	"[""L1-02.png""]"	
s0t013	0	13	P1.C01	Ft	Ft	retain	not_individually_graded	t	[]	"[""L1-02.png""]"	
s0t014	0	14	P1.C01	M	M	retain	not_individually_graded	r	[]	"[""L1-02.png""]"	
s0t015	0	15	P1.C01	9	9	retain	not_individually_graded	e	[]	"[""L1-02.png""]"	
s0t016	0	16	P1.C01	ho	ho	retain	not_individually_graded	do	[]	"[""L1-02.png""]"	
s0t017	0	17	P1.C01	ib	ib	retain	uncertain	mi	"[""ib"", ""ub""]"	"[""L1-02.png""]"	First domus formula: short initial minim currently reads ib=mi. ub=mu is contextual; shape not decisively settled.
s0t018	0	18	P1.C01	#	#	retain	not_individually_graded	s	[]	"[""L1-02.png""]"	
s0t019	0	19	P1.C01	tas	tas	retain	not_individually_graded	sa	[]	"[""L1-02.png""]"	
s0t020	0	20	P1.C02	pun	pun	retain	not_individually_graded	lu	[]	"[""L1-03.png""]"	
s0t021	0	21	P1.C02	xir	xir	retain	not_individually_graded	ti	[]	"[""L1-03.png""]"	
s0t022	0	22	P1.C02	Zb	Zb	retain	not_individually_graded	s	[]	"[""L1-03.png""]"	
s0t023	0	23	P1.C02	#	#	retain	not_individually_graded	s	[]	"[""L1-03.png""]"	
s0t024	0	24	P1.C02	xar	xar	retain	not_individually_graded	ta	[]	"[""L1-03.png""]"	
s0t025	0	25	P1.C02	sil	sil	retain	not_individually_graded	bi	[]	"[""L1-03.png""]"	
s0t026	0	26	P1.C02	pin	pin	retain	not_individually_graded	li	[]	"[""L1-03.png""]"	
s0t027	0	27	P1.C02	42	42	retain	not_individually_graded	en	[]	"[""L1-03.png""]"	
s0t028	0	28	P1.C02	he	he	retain	not_individually_graded	de	[]	"[""L1-03.png""]"	
s0t029	0	29	P1.C02	tan	tan	retain	not_individually_graded	ra	[]	"[""L1-03.png""]"	
s0t030	0	30	P1.C02	Ft	Ft	retain	not_individually_graded	t	[]	"[""L1-03.png""]"	
s0t031	0	31	P1.C02	A	A	retain	not_individually_graded	i	[]	"[""L1-03.png""]"	
s0t032	0	32	P1.C02	y	y	retain	not_individually_graded	o	[]	"[""L1-03.png""]"	
s0t033	0	33	P1.C02	L	L	retain	not_individually_graded		[]	"[""L1-03.png""]"	
s0t034	0	34	P1.C02	Fs	Fs	retain	not_individually_graded		[]	"[""L1-03.png""]"	
s1t000	1	0	P1.C03	Z4	Z4	retain	not_individually_graded	i	[]	"[""L1-16.png""]"	
s1t001	1	1	P1.C03	DB	DB	retain	not_individually_graded	p	[]	"[""L1-16.png""]"	
s1t002	1	2	P1.C03	tus	tus	retain	not_individually_graded	su	[]	"[""L1-16.png""]"	
s1t003	1	3	P1.C03	F	F	retain	not_individually_graded	m	[]	"[""L1-16.png""]"	
s1t004	1	4	P1.C04	ud	ud	retain	not_individually_graded	nu	[]	"[""L1-17.png""]"	
s1t005	1	5	P1.C04	13	13	retain	not_individually_graded	ll	[]	"[""L1-17.png""]"	
s1t006	1	6	P1.C04	oc	oc	retain	not_individually_graded	os	[]	"[""L1-17.png""]"	
s1t007	1	7	P1.C04	X	X	retain	not_individually_graded	a	[]	"[""L1-17.png""]"	
s1t008	1	8	P1.C04	Z2	Z2	retain	uncertain	?	"[""Z2"", ""Z""]"	"[""L1-17.png""]"	Rounded 2/z-like sign. Matching Z=u would still leave the noun unresolved; retained separately.
s1t009	1	9	P1.C04	ltu	ltu	retain	uncertain	?	"[""ltu"", ""tus"", ""tu""]"	"[""L1-17.png""]"	Extra initial tall stroke and unclear final group; do not replace with su to manufacture ausus.
s1t010	1	10	P1.C04	#	#	retain	not_individually_graded	s	[]	"[""L1-17.png""]"	
s1t011	1	11	P1.C04	3	3	retain	not_individually_graded	q	[]	"[""L1-17.png""]"	
s1t012	1	12	P1.C04	Z2	Z2	retain	uncertain	?	"[""Z2"", ""Z"", ""y""]"	"[""L1-17.png""]"	Same broad 2/z shape as s1t008, but quos would require a different reading or missing o. This constrains the proposed relative clause.
s1t013	1	13	P1.C04	#	#	retain	not_individually_graded	s	[]	"[""L1-17.png""]"	
s1t014	1	14	P1.C04	ten	ten	retain	not_individually_graded	re	[]	"[""L1-17.png""]"	
s1t015	1	15	P1.C04	#	#	retain	not_individually_graded	s	[]	"[""L1-17.png""]"	
s1t016	1	16	P1.C04	xir	xir	retain	not_individually_graded	ti	[]	"[""L1-17.png""]"	
s1t017	1	17	P1.C04	xur	xur	retain	not_individually_graded	tu	[]	"[""L1-17.png""]"	
s1t018	1	18	P1.C04	9	9	retain	not_individually_graded	e	[]	"[""L1-17.png""]"	
s1t019	1	19	P1.C04	T	T	retain	not_individually_graded	n	[]	"[""L1-17.png""]"	
s1t020	1	20	P1.C04	hi	hi	retain	not_individually_graded	di	[]	"[""L1-17.png""]"	
s1t021	1	21	P1.C04	#	#	retain	not_individually_graded	s	[]	"[""L1-17.png""]"	
s1t022	1	22	P1.C04	A	A	retain	not_individually_graded	i	[]	"[""L1-17.png""]"	
s1t023	1	23	P1.C04	^9/7	^9/7	retain	not_individually_graded	ll	[]	"[""L1-17.png""]"	
s1t024	1	24	P1.C05	ic	ic	retain	not_individually_graded	is	[]	"[""L1-18.png""]"	
s1t025	1	25	P1.C05	5	5	retain	not_individually_graded	q	[]	"[""L1-18.png""]"	
s1t026	1	26	P1.C05	Z	Z	retain	not_individually_graded	u	[]	"[""L1-18.png""]"	
s1t027	1	27	P1.C05	Z4	Z4	retain	not_individually_graded	i	[]	"[""L1-18.png""]"	
s1t028	1	28	P1.C05	43	43	retain	not_individually_graded	in	[]	"[""L1-18.png""]"	
s1t029	1	29	P1.C05	ir	ir	retain	not_individually_graded	fi	[]	"[""L1-18.png""]"	
s1t030	1	30	P1.C05	he	he	retain	not_individually_graded	de	[]	"[""L1-18.png""]"	
s1t031	1	31	P1.C05	F	F	retain	not_individually_graded	m	[]	"[""L1-18.png""]"	
s1t032	1	32	P1.C05	X	X	retain	not_individually_graded	a	[]	"[""L1-18.png""]"	
s1t033	1	33	P1.C05	N	N	retain	not_individually_graded	c	[]	"[""L1-18.png""]"	
s1t034	1	34	P1.C05	xur	xur	retain	not_individually_graded	tu	[]	"[""L1-18.png""]"	
s1t035	1	35	P1.C05	xer	xer	retain	not_individually_graded	te	[]	"[""L1-18.png""]"	
s1t036	1	36	P1.C05	pan	pan	retain	not_individually_graded	la	[]	"[""L1-18.png""]"	
s1t037	1	37	P1.C05	Q4	Q4	retain	not_individually_graded	m	[]	"[""L1-18.png""]"	
s1t038	1	38	P1.C05	G9	G9	retain	not_individually_graded	i	[]	"[""L1-18.png""]"	
s1t039	1	39	P1.C05	DB	DB	retain	not_individually_graded	p	[]	"[""L1-18.png""]"	
s1t040	1	40	P1.C05	tis	tis	retain	not_individually_graded	si	[]	"[""L1-18.png""]"	
s1t041	1	41	P1.C05	uc	uc	retain	not_individually_graded	us	[]	"[""L1-18.png""]"	
s1t042	1	42	P1.C05	tes	tes	retain	not_individually_graded	se	[]	"[""L1-18.png""]"	
s1t043	1	43	P1.C06	for	for	retain	not_individually_graded	co	[]	"[""L1-19.png""]"	
s1t044	1	44	P1.C06	T	T	retain	not_individually_graded	n	[]	"[""L1-19.png""]"	
s1t045	1	45	P1.C06	9	9	retain	uncertain	e	"[""9""]"	"[""L1-19.png""]"	An e-valued loop is visibly present. Omitting it to make coniecerint is an editorial deletion, not a confirmed transcription correction.
s1t046	1	46	P1.C06	A	A	retain	not_individually_graded	i	[]	"[""L1-19.png""]"	
s1t047	1	47	P1.C06	9	9	retain	not_individually_graded	e	[]	"[""L1-19.png""]"	
s1t048	1	48	P1.C06	fer	fer	retain	not_individually_graded	ce	[]	"[""L1-19.png""]"	
s1t049	1	49	P1.C06	tun	tun	retain	uncertain	ru	"[""tun""]"	"[""L1-19.png""]"	Additional ru-valued group appears present. Nearby overlapping descenders complicate diacritics; no null marker securely established.
s1t050	1	50	P1.C06	tin	tin	retain	not_individually_graded	ri	[]	"[""L1-19.png""]"	
s1t051	1	51	P1.C06	T	T	retain	not_individually_graded	n	[]	"[""L1-19.png""]"	
s1t052	1	52	P1.C06	8	8	retain	not_individually_graded	t	[]	"[""L1-19.png""]"	
s1t053	1	53	P1.C06	DB	DB	retain	not_individually_graded	p	[]	"[""L1-19.png""]"	
s1t054	1	54	P1.C06	M	M	retain	not_individually_graded	r	[]	"[""L1-19.png""]"	
s1t055	1	55	P1.C06	43	43	retain	not_individually_graded	in	[]	"[""L1-19.png""]"	
s1t056	1	56	P1.C06	fir	fir	retain	not_individually_graded	ci	[]	"[""L1-19.png""]"	
s1t057	1	57	P1.C06	48	48	retain	not_individually_graded	pi	[]	"[""L1-19.png""]"	
s1t058	1	58	P1.C06	sul	sul	retain	not_individually_graded	bu	[]	"[""L1-19.png""]"	
s1t059	1	59	P1.C06	Zx	Zx	retain	not_individually_graded	s	[]	"[""L1-19.png""]"	
s1t060	1	60	P1.C06	43	43	retain	not_individually_graded	in	[]	"[""L1-19.png""]"	
s1t061	1	61	P1.C07	DB	DB	retain	not_individually_graded	p	[]	"[""L1-20.png""]"	
s1t062	1	62	P1.C07	M	M	retain	not_individually_graded	r	[]	"[""L1-20.png""]"	
s1t063	1	63	P1.C07	A	A	retain	not_individually_graded	i	[]	"[""L1-20.png""]"	
s1t064	1	64	P1.C07	ib	ib	retain	not_individually_graded	mi	[]	"[""L1-20.png""]"	
s1t065	1	65	P1.C07	Zx	Zx	retain	not_individually_graded	s	[]	"[""L1-20.png""]"	
s1t066	1	66	P1.C07	^9Z	^9Z	retain	not_individually_graded	u	[]	"[""L1-20.png""]"	
s1t067	1	67	P1.C07	A	A	retain	not_individually_graded	i	[]	"[""L1-20.png""]"	
s1t068	1	68	P1.C07	^x4	^x4	retain	not_individually_graded		[]	"[""L1-20.png""]"	
s1t069	1	69	P1.C07	M	M	retain	not_individually_graded	r	[]	"[""L1-20.png""]"	
s1t070	1	70	P1.C07	xer	xer	retain	not_individually_graded	te	[]	"[""L1-20.png""]"	
s1t071	1	71	P1.C07	^xF	^xF	retain	not_individually_graded		[]	"[""L1-20.png""]"	
s1t072	1	72	P1.C07	T	T	retain	not_individually_graded	n	[]	"[""L1-20.png""]"	
s1t073	1	73	P1.C07	sed	sed	retain	not_individually_graded	be	[]	"[""L1-20.png""]"	
s1t074	1	74	P1.C07	M	M	retain	not_individually_graded	r	[]	"[""L1-20.png""]"	
s1t075	1	75	P1.C07	lis	lis	retain	not_individually_graded	gi	[]	"[""L1-20.png""]"	
s1t076	1	76	P1.C07	for	for	retain	not_individually_graded	co	[]	"[""L1-20.png""]"	
s1t077	1	77	P1.C07	9	9	retain	not_individually_graded	e	[]	"[""L1-20.png""]"	
s1t078	1	78	P1.C07	S	S	retain	not_individually_graded	t	[]	"[""L1-20.png""]"	
s1t079	1	79	P1.C07	hu	hu	retain	not_individually_graded	du	[]	"[""L1-20.png""]"	
s1t080	1	80	P1.C08	16	16	retain	not_individually_graded	r	[]	"[""L1-21.png""]"	
s1t081	1	81	P1.C08	pan	pan	retain	not_individually_graded	la	[]	"[""L1-21.png""]"	
s1t082	1	82	P1.C08	fer	fer	retain	not_individually_graded	ce	[]	"[""L1-21.png""]"	
s1t083	1	83	P1.C08	p	p	retain	not_individually_graded	n	[]	"[""L1-21.png""]"	
s1t084	1	84	P1.C08	tis	tis	retain	not_individually_graded	si	[]	"[""L1-21.png""]"	
s1t085	1	85	P1.C08	DB	DB	retain	not_individually_graded	p	[]	"[""L1-21.png""]"	
s1t086	1	86	P1.C08	M	M	retain	not_individually_graded	r	[]	"[""L1-21.png""]"	
s1t087	1	87	P1.C08	Yx	Yx	retain	not_individually_graded	o	[]	"[""L1-21.png""]"	
s1t088	1	88	P1.C08	ur	ur	retain	not_individually_graded	fu	[]	"[""L1-21.png""]"	
s1t089	1	89	P1.C08	xur	xur	retain	not_individually_graded	tu	[]	"[""L1-21.png""]"	
s1t090	1	90	P1.C08	ton	ton	retain	not_individually_graded	ro	[]	"[""L1-21.png""]"	
s1t091	1	91	P1.C08	#	#	retain	not_individually_graded	s	[]	"[""L1-21.png""]"	
s1t092	1	92	P1.C08	9	9	retain	not_individually_graded	e	[]	"[""L1-21.png""]"	
s1t093	1	93	P1.C08	tes	tes	retain	not_individually_graded	se	[]	"[""L1-21.png""]"	
s1t094	1	94	P1.C08	N	N	retain	not_individually_graded	c	[]	"[""L1-21.png""]"	
s1t095	1	95	P1.C08	16	16	retain	not_individually_graded	r	[]	"[""L1-21.png""]"	
s1t096	1	96	P1.C08	9	9	retain	not_individually_graded	e	[]	"[""L1-21.png""]"	
s1t097	1	97	P2.C01	hi	hi	retain	not_individually_graded	di	[]	"[""L2-00a.png"", ""L2-00b.png""]"	
s1t098	1	98	P2.C01	he	he	retain	not_individually_graded	de	[]	"[""L2-00a.png"", ""L2-00b.png""]"	
s1t099	1	99	P2.C01	tin	tin	retain	not_individually_graded	ri	[]	"[""L2-00a.png"", ""L2-00b.png""]"	
s1t100	1	100	P2.C01	S	S	retain	not_individually_graded	t	[]	"[""L2-00a.png"", ""L2-00b.png""]"	
s1t101	1	101	P2.C01	43	43	retain	not_individually_graded	in	[]	"[""L2-00a.png"", ""L2-00b.png""]"	
s1t102	1	102	P2.C01	xer	xer	retain	not_individually_graded	te	[]	"[""L2-00a.png"", ""L2-00b.png""]"	
s1t103	1	103	P2.C01	M	M	retain	not_individually_graded	r	[]	"[""L2-00a.png"", ""L2-00b.png""]"	
s1t104	1	104	P2.C01	lb	ib	replace	probable	mi	"[""lb""]"	"[""L2-00a.png"", ""L2-00b.png""]"	Looped ascender after a short initial stroke resembles ib; no independent proof of the vowel. Compare L2-00b with ib in L2-02a.
s1t105	1	105	P2.C01	tus	tus	retain	not_individually_graded	su	[]	"[""L2-00a.png"", ""L2-00b.png""]"	
s1t106	1	106	P2.C01	tin	tin	retain	uncertain	ri	"[""tin"", ""tun""]"	"[""L2-00a.png"", ""L2-00b.png""]"	The intermissurum candidate needs tun=ru. Image still resembles tin, including an apparent dot; retain tin.
s1t107	1	107	P2.C01	F	F	retain	not_individually_graded	m	[]	"[""L2-00a.png"", ""L2-00b.png""]"	
s1t108	1	108	P2.C01	9	9	retain	not_individually_graded	e	[]	"[""L2-00a.png"", ""L2-00b.png""]"	
s1t109	1	109	P2.C01	R	R	retain	not_individually_graded	q	[]	"[""L2-00a.png"", ""L2-00b.png""]"	
s1t110	1	110	P2.C01	Z	Z	retain	not_individually_graded	u	[]	"[""L2-00a.png"", ""L2-00b.png""]"	
s1t111	1	111	P2.C01	p	p	retain	not_individually_graded	n	[]	"[""L2-00a.png"", ""L2-00b.png""]"	
s1t112	1	112	P2.C01	T	T	retain	not_individually_graded	n	[]	"[""L2-00a.png"", ""L2-00b.png""]"	
s1t113	1	113	P2.C02	xur	xur	retain	not_individually_graded	tu	[]	"[""L2-01a.png"", ""L2-01b.png""]"	
s1t114	1	114	P2.C02	#	#	retain	not_individually_graded	s	[]	"[""L2-01a.png"", ""L2-01b.png""]"	
s1t115	1	115	P2.C02	10	10	retain	not_individually_graded	u	[]	"[""L2-01a.png"", ""L2-01b.png""]"	
s1t116	1	116	P2.C02	9	9	retain	not_individually_graded	e	[]	"[""L2-01a.png"", ""L2-01b.png""]"	
s1t117	1	117	P2.C02	ton	ton	retain	not_individually_graded	ro	[]	"[""L2-01a.png"", ""L2-01b.png""]"	
s1t118	1	118	P2.C02	43	43	retain	not_individually_graded	in	[]	"[""L2-01a.png"", ""L2-01b.png""]"	
s1t119	1	119	P2.C02	he	he	retain	not_individually_graded	de	[]	"[""L2-01a.png"", ""L2-01b.png""]"	
s1t120	1	120	P2.C02	N	N	retain	not_individually_graded	c	[]	"[""L2-01a.png"", ""L2-01b.png""]"	
s1t121	1	121	P2.C02	M	M	retain	not_individually_graded	r	[]	"[""L2-01a.png"", ""L2-01b.png""]"	
s1t122	1	122	P2.C02	A	A	retain	not_individually_graded	i	[]	"[""L2-01a.png"", ""L2-01b.png""]"	
s1t123	1	123	P2.C02	45	45	retain	not_individually_graded	s	[]	"[""L2-01a.png"", ""L2-01b.png""]"	
s1t124	1	124	P2.C02	hu	hu	retain	not_individually_graded	du	[]	"[""L2-01a.png"", ""L2-01b.png""]"	
s1t125	1	125	P2.C02	#	#	retain	not_individually_graded	s	[]	"[""L2-01a.png"", ""L2-01b.png""]"	
s1t126	1	126	P2.C02	odl	odl	retain	not_individually_graded	no	[]	"[""L2-01a.png"", ""L2-01b.png""]"	
s1t127	1	127	P2.C02	T	T	retain	not_individually_graded	n	[]	"[""L2-01a.png"", ""L2-01b.png""]"	
s1t128	1	128	P2.C03	ib	ib	retain	not_individually_graded	mi	[]	"[""L2-02a.png"", ""L2-02b.png""]"	
s1t129	1	129	P2.C03	od	od	retain	not_individually_graded	no	[]	"[""L2-02a.png"", ""L2-02b.png""]"	
s1t130	1	130	P2.C03	ten	ten	retain	uncertain	re	"[""ten"", ""tin""]"	"[""L2-02a.png"", ""L2-02b.png""]"	ten looks e-like in source; intended minoris needs tin. Retain observed ten, mark editorial e/i change.
s1t131	1	131	P2.C03	4	4	retain	not_individually_graded	s	[]	"[""L2-02a.png"", ""L2-02b.png""]"	
s1t132	1	132	P2.C03	Pb	Pb	retain	not_individually_graded	e	[]	"[""L2-02a.png"", ""L2-02b.png""]"	
s1t133	1	133	P2.C03	ob	ob	retain	not_individually_graded	mo	[]	"[""L2-02a.png"", ""L2-02b.png""]"	
s1t134	1	134	P2.C03	pun	pun	retain	not_individually_graded	lu	[]	"[""L2-02a.png"", ""L2-02b.png""]"	
s1t135	1	135	P2.C03	eb	eb	retain	not_individually_graded	me	[]	"[""L2-02a.png"", ""L2-02b.png""]"	
s1t136	1	136	P2.C03	p	p	retain	not_individually_graded	n	[]	"[""L2-02a.png"", ""L2-02b.png""]"	
s1t137	1	137	P2.C03	xir	xir	retain	not_individually_graded	ti	[]	"[""L2-02a.png"", ""L2-02b.png""]"	
s1t138	1	138	P2.C03	Z	Z	retain	not_individually_graded	u	[]	"[""L2-02a.png"", ""L2-02b.png""]"	
s1t139	1	139	P2.C03	9	9	retain	not_individually_graded	e	[]	"[""L2-02a.png"", ""L2-02b.png""]"	
s1t140	1	140	P2.C03	J	J	retain	not_individually_graded	l	[]	"[""L2-02a.png"", ""L2-02b.png""]"	
s1t141	1	141	P2.C03	he	he	retain	not_individually_graded	de	[]	"[""L2-02a.png"", ""L2-02b.png""]"	
s1t142	1	142	P2.C03	S	S	retain	not_individually_graded	t	[]	"[""L2-02a.png"", ""L2-02b.png""]"	
s1t143	1	143	P2.C03	M	M	retain	not_individually_graded	r	[]	"[""L2-02a.png"", ""L2-02b.png""]"	
s1t144	1	144	P2.C03	A	A	retain	not_individually_graded	i	[]	"[""L2-02a.png"", ""L2-02b.png""]"	
s1t145	1	145	P2.C03	eb	eb	retain	not_individually_graded	me	[]	"[""L2-02a.png"", ""L2-02b.png""]"	
s1t146	1	146	P2.C04	p	p	retain	not_individually_graded	n	[]	"[""L2-03a.png"", ""L2-03b.png""]"	
s1t147	1	147	P2.C04	xir	xir	retain	not_individually_graded	ti	[]	"[""L2-03a.png"", ""L2-03b.png""]"	
s1t148	1	148	P2.C04	ten	ten	retain	not_individually_graded	re	[]	"[""L2-03a.png"", ""L2-03b.png""]"	
s1t149	1	149	P2.C04	sul	sul	retain	not_individually_graded	bu	[]	"[""L2-03a.png"", ""L2-03b.png""]"	
s1t150	1	150	P2.C04	#	#	retain	not_individually_graded	s	[]	"[""L2-03a.png"", ""L2-03b.png""]"	
s1t151	1	151	P2.C04	hi	hi	retain	not_individually_graded	di	[]	"[""L2-03a.png"", ""L2-03b.png""]"	
s1t152	1	152	P2.C04	pen	pen	retain	not_individually_graded	le	[]	"[""L2-03a.png"", ""L2-03b.png""]"	
s1t153	1	153	P2.C04	^9N	^9N	retain	not_individually_graded	ct	[]	"[""L2-03a.png"", ""L2-03b.png""]"	
s1t154	1	154	P2.C04	A	A	retain	not_individually_graded	i	[]	"[""L2-03a.png"", ""L2-03b.png""]"	
s1t155	1	155	P2.C04	y	y	retain	not_individually_graded	o	[]	"[""L2-03a.png"", ""L2-03b.png""]"	
s1t156	1	156	P2.C04	ed	ed	retain	uncertain	ne	"[""ed"", ""id""]"	"[""L2-03a.png"", ""L2-03b.png""]"	Source e-like vowel retained; Dilectionis needs i. Context alone is insufficient to change the transcript.
s1t157	1	157	P2.C04	#	#	retain	not_individually_graded	s	[]	"[""L2-03a.png"", ""L2-03b.png""]"	
s1t158	1	158	P2.C04	Z	Z	retain	not_individually_graded	u	[]	"[""L2-03a.png"", ""L2-03b.png""]"	
s1t159	1	159	P2.C04	9	9	retain	not_individually_graded	e	[]	"[""L2-03a.png"", ""L2-03b.png""]"	
s1t160	1	160	P2.C04	#	#	retain	not_individually_graded	s	[]	"[""L2-03a.png"", ""L2-03b.png""]"	
s1t161	1	161	P2.C04	S	S	retain	not_individually_graded	t	[]	"[""L2-03a.png"", ""L2-03b.png""]"	
s1t162	1	162	P2.C04	M	M	retain	not_individually_graded	r	[]	"[""L2-03a.png"", ""L2-03b.png""]"	
s1t163	1	163	P2.C05	9	9	retain	not_individually_graded	e	[]	"[""L2-04a.png"", ""L2-04b.png""]"	
s1t164	1	164	P2.C05	3	3	retain	not_individually_graded	q	[]	"[""L2-04a.png"", ""L2-04b.png""]"	
s1t165	1	165	P2.C05	Z	Z	retain	not_individually_graded	u	[]	"[""L2-04a.png"", ""L2-04b.png""]"	
s1t166	1	166	P2.C05	X	X	retain	not_individually_graded	a	[]	"[""L2-04a.png"", ""L2-04b.png""]"	
s1t167	1	167	P2.C05	4	4	retain	uncertain	s	"[""4""]"	"[""L2-04a.png"", ""L2-04b.png""]"	quas versus intended quam/other comparative construction is not resolved by the shape.
s1t168	1	168	P2.C05	eb	eb	retain	not_individually_graded	me	[]	"[""L2-04a.png"", ""L2-04b.png""]"	
s1t169	1	169	P2.C05	ic	ic	retain	not_individually_graded	is	[]	"[""L2-04a.png"", ""L2-04b.png""]"	
s1t170	1	170	P2.C05	146	146	retain	uncertain	pa	"[""146"", ""46""]"	"[""L2-04a.png"", ""L2-04b.png""]"	Leading stroke in 146 retained; v4 gives both 146 and 46 pa. This does not independently support regrouping 10 8 as 108.
s1t171	1	171	P2.C05	M	M	retain	not_individually_graded	r	[]	"[""L2-04a.png"", ""L2-04b.png""]"	
s1t172	1	172	P2.C05	xer	xer	retain	not_individually_graded	te	[]	"[""L2-04a.png"", ""L2-04b.png""]"	
s1t173	1	173	P2.C05	4	4	retain	not_individually_graded	s	[]	"[""L2-04a.png"", ""L2-04b.png""]"	
s1t174	1	174	P2.C05	tis	tis	retain	not_individually_graded	si	[]	"[""L2-04a.png"", ""L2-04b.png""]"	
s1t175	1	175	P2.C05	S	S	retain	not_individually_graded	t	[]	"[""L2-04a.png"", ""L2-04b.png""]"	
s1t176	1	176	P2.C05	X	X	retain	not_individually_graded	a	[]	"[""L2-04a.png"", ""L2-04b.png""]"	
s1t177	1	177	P2.C05	^9/13	^9/13	retain	not_individually_graded	ll	[]	"[""L2-04a.png"", ""L2-04b.png""]"	
s1t178	1	178	P2.C05	X	X	retain	not_individually_graded	a	[]	"[""L2-04a.png"", ""L2-04b.png""]"	
s1t179	1	179	P2.C05	xur	xur	retain	not_individually_graded	tu	[]	"[""L2-04a.png"", ""L2-04b.png""]"	
s1t180	1	180	P2.C06	fun	fun	retain	not_individually_graded	ru	[]	"[""L2-05a.png"", ""L2-05b.png""]"	
s1t181	1	181	P2.C06	#	#	retain	not_individually_graded	s	[]	"[""L2-05a.png"", ""L2-05b.png""]"	
s1t182	1	182	P2.C06	A	A	retain	not_individually_graded	i	[]	"[""L2-05a.png"", ""L2-05b.png""]"	
s1t183	1	183	P2.C06	he	he	retain	not_individually_graded	de	[]	"[""L2-05a.png"", ""L2-05b.png""]"	
s1t184	1	184	P2.C06	y	y	retain	not_individually_graded	o	[]	"[""L2-05a.png"", ""L2-05b.png""]"	
s1t185	1	185	P2.C06	fur	fur	retain	not_individually_graded	cu	[]	"[""L2-05a.png"", ""L2-05b.png""]"	
s1t186	1	186	P2.C06	F	F	retain	not_individually_graded	m	[]	"[""L2-05a.png"", ""L2-05b.png""]"	
s1t187	1	187	P2.C06	3	3	retain	not_individually_graded	q	[]	"[""L2-05a.png"", ""L2-05b.png""]"	
s1t188	1	188	P2.C06	10	10	retain	not_individually_graded	u	[]	"[""L2-05a.png"", ""L2-05b.png""]"	
s1t189	1	189	P2.C06	X	X	retain	not_individually_graded	a	[]	"[""L2-05a.png"", ""L2-05b.png""]"	
s1t190	1	190	P2.C06	Z	Z	retain	uncertain	u	"[""Z""]"	"[""L2-05a.png"", ""L2-05b.png""]"	The z-like sign remains visible inside quautum. Replacing u by n to obtain quantum is editorial.
s1t191	1	191	P2.C06	xur	xur	retain	not_individually_graded	tu	[]	"[""L2-05a.png"", ""L2-05b.png""]"	
s1t192	1	192	P2.C06	F	F	retain	not_individually_graded	m	[]	"[""L2-05a.png"", ""L2-05b.png""]"	
s1t193	1	193	P2.C06	43	43	retain	not_individually_graded	in	[]	"[""L2-05a.png"", ""L2-05b.png""]"	
s1t194	1	194	P2.C06	eb	eb	retain	not_individually_graded	me	[]	"[""L2-05a.png"", ""L2-05b.png""]"	
s1t195	1	195	P2.C06	ec	ec	retain	not_individually_graded	es	[]	"[""L2-05a.png"", ""L2-05b.png""]"	
s1t196	1	196	P2.C06	S	S	retain	not_individually_graded	t	[]	"[""L2-05a.png"", ""L2-05b.png""]"	
s1t197	1	197	P2.C07	fus	tus	replace	probable	su	"[""fus""]"	"[""L2-06a.png"", ""L2-06b.png""]"	Short upright t without the long below-baseline loop seen in fus at P2.C16; compare L2-06a and L2-16a. The remaining 10 8 10 is retained as three tokens.
s1t198	1	198	P2.C07	10	10	retain	uncertain	u	"[""10"", ""108(with-next)""]"	"[""L2-06a.png"", ""L2-06b.png""]"	10 and 8 have appreciable spacing; no repeated 108 token. Merging requires a separate hypothesis.
s1t199	1	199	P2.C07	8	8	retain	uncertain	t	"[""8"", ""108(with-previous)""]"	"[""L2-06a.png"", ""L2-06b.png""]"	Digit 8 retained independently. 108=b is not in the recovered key.
s1t200	1	200	P2.C07	10	10	retain	not_individually_graded	u	[]	"[""L2-06a.png"", ""L2-06b.png""]"	
s1t201	1	201	P2.C07	9	9	retain	not_individually_graded	e	[]	"[""L2-06a.png"", ""L2-06b.png""]"	
s1t202	1	202	P2.C07	M	M	retain	not_individually_graded	r	[]	"[""L2-06a.png"", ""L2-06b.png""]"	
s1t203	1	203	P2.C07	xer	xer	retain	not_individually_graded	te	[]	"[""L2-06a.png"", ""L2-06b.png""]"	
s1t204	1	204	P2.C07	T	T	retain	not_individually_graded	n	[]	"[""L2-06a.png"", ""L2-06b.png""]"	
s1t205	1	205	P2.C07	hi	hi	retain	not_individually_graded	di	[]	"[""L2-06a.png"", ""L2-06b.png""]"	
s1t205a	1	205	P2.C07		#	insert	high	s	[]	"[""L2-06a.png"", ""L2-06b.png""]"	Separate sharp/crossed-double-t is visible between hi and G; L2-06b. Omitted from pass2. Established value s.
s1t206	1	206	P2.C07	G	G	retain	not_individually_graded	h	[]	"[""L2-06a.png"", ""L2-06b.png""]"	
s1t207	1	207	P2.C07	ic	ic	retain	not_individually_graded	is	[]	"[""L2-06a.png"", ""L2-06b.png""]"	
s1t208	1	208	P2.C07	fer	fer	retain	not_individually_graded	ce	[]	"[""L2-06a.png"", ""L2-06b.png""]"	
s1t209	1	209	P2.C07	for	for	retain	not_individually_graded	co	[]	"[""L2-06a.png"", ""L2-06b.png""]"	
s1t210	1	210	P2.C07	ub	ub	retain	not_individually_graded	mu	[]	"[""L2-06a.png"", ""L2-06b.png""]"	
s1t211	1	211	P2.C07	^9T	^9T	retain	not_individually_graded	n	[]	"[""L2-06a.png"", ""L2-06b.png""]"	
s1t212	1	212	P2.C07	A	A	retain	not_individually_graded	i	[]	"[""L2-06a.png"", ""L2-06b.png""]"	
s1t213	1	213	P2.C08	45	45	retain	not_individually_graded	s	[]	"[""L2-07a.png"", ""L2-07b.png""]"	
s1t214	1	214	P2.C08	od	od	retain	not_individually_graded	no	[]	"[""L2-07a.png"", ""L2-07b.png""]"	
s1t215	1	215	P2.C08	#	#	retain	not_individually_graded	s	[]	"[""L2-07a.png"", ""L2-07b.png""]"	
s1t216	1	216	P2.C08	S	S	retain	not_individually_graded	t	[]	"[""L2-07a.png"", ""L2-07b.png""]"	
s1t217	1	217	P2.C08	M	M	retain	not_individually_graded	r	[]	"[""L2-07a.png"", ""L2-07b.png""]"	
s1t218	1	218	P2.C08	9	9	retain	not_individually_graded	e	[]	"[""L2-07a.png"", ""L2-07b.png""]"	
s1t219	1	219	P2.C08	ho	ho	retain	not_individually_graded	do	[]	"[""L2-07a.png"", ""L2-07b.png""]"	
s1t220	1	220	P2.C08	ub	ub	retain	not_individually_graded	mu	[]	"[""L2-07a.png"", ""L2-07b.png""]"	
s1t221	1	221	P2.C08	Zx	Zx	retain	not_individually_graded	s	[]	"[""L2-07a.png"", ""L2-07b.png""]"	
s1t222	1	222	P2.C08	gam	gam	retain	not_individually_graded	h	[]	"[""L2-07a.png"", ""L2-07b.png""]"	
s1t223	1	223	P2.C08	oc	oc	retain	not_individually_graded	os	[]	"[""L2-07a.png"", ""L2-07b.png""]"	
s1t224	1	224	P2.C08	xir	xir	retain	not_individually_graded	ti	[]	"[""L2-07a.png"", ""L2-07b.png""]"	
s1t225	1	225	P2.C08	Z	Z	retain	not_individually_graded	u	[]	"[""L2-07a.png"", ""L2-07b.png""]"	
s1t226	1	226	P2.C08	F	F	retain	not_individually_graded	m	[]	"[""L2-07a.png"", ""L2-07b.png""]"	
s1t227	1	227	P2.C08	for	for	retain	not_individually_graded	co	[]	"[""L2-07a.png"", ""L2-07b.png""]"	
s1t228	1	228	P2.C08	T	T	retain	not_individually_graded	n	[]	"[""L2-07a.png"", ""L2-07b.png""]"	
s1t229	1	229	P2.C08	^xad	^xad	retain	not_individually_graded		[]	"[""L2-07a.png"", ""L2-07b.png""]"	
s1t230	1	230	P2.C08	X	X	retain	not_individually_graded	a	[]	"[""L2-07a.png"", ""L2-07b.png""]"	
s1t231	1	231	P2.C08	xir	xir	retain	not_individually_graded	ti	[]	"[""L2-07a.png"", ""L2-07b.png""]"	
s1t232	1	232	P2.C09	sul	sul	retain	not_individually_graded	bu	[]	"[""L2-08a.png"", ""L2-08b.png""]"	
s1t233	1	233	P2.C09	#	#	retain	not_individually_graded	s	[]	"[""L2-08a.png"", ""L2-08b.png""]"	
s1t234	1	234	P2.C09	43	43	retain	not_individually_graded	in	[]	"[""L2-08a.png"", ""L2-08b.png""]"	
s1t235	1	235	P2.C09	xer	xer	retain	not_individually_graded	te	[]	"[""L2-08a.png"", ""L2-08b.png""]"	
s1t236	1	236	P2.C09	T	T	retain	not_individually_graded	n	[]	"[""L2-08a.png"", ""L2-08b.png""]"	
s1t237	1	237	P2.C09	hes	hes	retain	uncertain	ge	"[""hes"", ""he""]"	"[""L2-08a.png"", ""L2-08b.png""]"	hes is visually legible and v4 gives ge. Intended intendere would require de, a different frame value, or a redundant final s in the cipher group. Not silently repaired.
s1t238	1	238	P2.C09	ten	ten	retain	not_individually_graded	re	[]	"[""L2-08a.png"", ""L2-08b.png""]"	
s1t239	1	239	P2.C09	od	od	retain	not_individually_graded	no	[]	"[""L2-08a.png"", ""L2-08b.png""]"	
s1t240	1	240	P2.C09	p	p	retain	not_individually_graded	n	[]	"[""L2-08a.png"", ""L2-08b.png""]"	
s1t241	1	241	P2.C09	he	he	retain	not_individually_graded	de	[]	"[""L2-08a.png"", ""L2-08b.png""]"	
s1t242	1	242	P2.C09	tis	tis	retain	not_individually_graded	si	[]	"[""L2-08a.png"", ""L2-08b.png""]"	
s1t243	1	243	P2.C09	ad	ad	retain	not_individually_graded	na	[]	"[""L2-08a.png"", ""L2-08b.png""]"	
s1t244	1	244	P2.C09	F	F	retain	not_individually_graded	m	[]	"[""L2-08a.png"", ""L2-08b.png""]"	
s2t000	2	0	P2.C10	10	10	retain	not_individually_graded	u	[]	"[""L2-10a.png"", ""L2-10b.png""]"	
s2t001	2	1	P2.C10	S	Ft	replace	high	t	[]	"[""L2-10a.png"", ""L2-10b.png""]"	Short crossed f shape, not the section-sign curl used for S. Both already have value t; L2-10b.
s2t002	2	2	P2.C10	eb	eb	retain	not_individually_graded	me	[]	"[""L2-10a.png"", ""L2-10b.png""]"	
s2t003	2	3	P2.C10	hi	hi	retain	not_individually_graded	di	[]	"[""L2-10a.png"", ""L2-10b.png""]"	
s2t004	2	4	P2.C10	41	41	retain	not_individually_graded	an	[]	"[""L2-10a.png"", ""L2-10b.png""]"	
s2t005	2	5	P2.C10	xer	xer	retain	not_individually_graded	te	[]	"[""L2-10a.png"", ""L2-10b.png""]"	
s2t006	2	6	P2.C10	X	X	retain	not_individually_graded	a	[]	"[""L2-10a.png"", ""L2-10b.png""]"	
s2t007	2	7	P2.C10	pin	pin	retain	not_individually_graded	li	[]	"[""L2-10a.png"", ""L2-10b.png""]"	
s2t008	2	8	P2.C10	5	5	retain	not_individually_graded	q	[]	"[""L2-10a.png"", ""L2-10b.png""]"	
s2t009	2	9	P2.C10	Z	Z	retain	not_individually_graded	u	[]	"[""L2-10a.png"", ""L2-10b.png""]"	
s2t010	2	10	P2.C10	y	y	retain	not_individually_graded	o	[]	"[""L2-10a.png"", ""L2-10b.png""]"	
s2t011	2	11	P2.C11	5	5	retain	not_individually_graded	q	[]	"[""L2-11a.png"", ""L2-11b.png""]"	
s2t012	2	12	P2.C11	10	10	retain	not_individually_graded	u	[]	"[""L2-11a.png"", ""L2-11b.png""]"	
s2t013	2	13	P2.C11	A	A	retain	not_individually_graded	i	[]	"[""L2-11a.png"", ""L2-11b.png""]"	
s2t014	2	14	P2.C11	hi	hi	retain	not_individually_graded	di	[]	"[""L2-11a.png"", ""L2-11b.png""]"	
s2t015	2	15	P2.C11	#	#	retain	not_individually_graded	s	[]	"[""L2-11a.png"", ""L2-11b.png""]"	
s2t016	2	16	P2.C11	S	S	retain	not_individually_graded	t	[]	"[""L2-11a.png"", ""L2-11b.png""]"	
s2t017	2	17	P2.C11	M	M	retain	not_individually_graded	r	[]	"[""L2-11a.png"", ""L2-11b.png""]"	
s2t018	2	18	P2.C11	X	X	retain	not_individually_graded	a	[]	"[""L2-11a.png"", ""L2-11b.png""]"	
s2t019	2	19	P2.C11	N	N	retain	not_individually_graded	c	[]	"[""L2-11a.png"", ""L2-11b.png""]"	
s2t020	2	20	P2.C11	xir	xir	retain	not_individually_graded	ti	[]	"[""L2-11a.png"", ""L2-11b.png""]"	
s2t021	2	21	P2.C11	#	#	retain	not_individually_graded	s	[]	"[""L2-11a.png"", ""L2-11b.png""]"	
s2t022	2	22	P2.C11	SS	SS	retain	not_individually_graded	i	[]	"[""L2-11a.png"", ""L2-11b.png""]"	
s2t023	2	23	P2.C11	C	C	retain	not_individually_graded	l	[]	"[""L2-11a.png"", ""L2-11b.png""]"	
s2t024	2	24	P2.C11	pon	pon	retain	not_individually_graded	lo	[]	"[""L2-11a.png"", ""L2-11b.png""]"	
s2t025	2	25	P2.C11	tun	tun	retain	not_individually_graded	ru	[]	"[""L2-11a.png"", ""L2-11b.png""]"	
s2t026	2	26	P2.C11	T	T	retain	uncertain	n	"[""T""]"	"[""L2-11a.png"", ""L2-11b.png""]"	Triangle n-sign visible; illorun is not silently changed to illorum.
s2t027	2	27	P2.C11	43	43	retain	not_individually_graded	in	[]	"[""L2-11a.png"", ""L2-11b.png""]"	
s2t028	2	28	P2.C12	hi	hi	retain	not_individually_graded	di	[]	"[""L2-12a.png"", ""L2-12b.png""]"	
s2t029	2	29	P2.C12	10	10	retain	not_individually_graded	u	[]	"[""L2-12a.png"", ""L2-12b.png""]"	
s2t030	2	30	P2.C12	9	9	retain	not_individually_graded	e	[]	"[""L2-12a.png"", ""L2-12b.png""]"	
s2t031	2	31	P2.C12	M	M	retain	not_individually_graded	r	[]	"[""L2-12a.png"", ""L2-12b.png""]"	
s2t032	2	32	P2.C12	tas	tas	retain	not_individually_graded	sa	[]	"[""L2-12a.png"", ""L2-12b.png""]"	
s2t033	2	33	P2.C12	Zx	Zx	retain	not_individually_graded	s	[]	"[""L2-12a.png"", ""L2-12b.png""]"	
s2t034	2	34	P2.C12	46	46	retain	not_individually_graded	pa	[]	"[""L2-12a.png"", ""L2-12b.png""]"	
s2t035	2	35	P2.C12	16	16	retain	not_individually_graded	r	[]	"[""L2-12a.png"", ""L2-12b.png""]"	
s2t036	2	36	P2.C12	xer	xer	retain	not_individually_graded	te	[]	"[""L2-12a.png"", ""L2-12b.png""]"	
s2t037	2	37	P2.C12	#	#	retain	not_individually_graded	s	[]	"[""L2-12a.png"", ""L2-12b.png""]"	
s2t038	2	38	P2.C12	X	X	retain	not_individually_graded	a	[]	"[""L2-12a.png"", ""L2-12b.png""]"	
s2t039	2	39	P2.C12	id	id	retain	not_individually_graded	ni	[]	"[""L2-12a.png"", ""L2-12b.png""]"	
s2t040	2	40	P2.C12	ib	ib	retain	not_individually_graded	mi	[]	"[""L2-12a.png"", ""L2-12b.png""]"	
s2t041	2	41	P2.C12	#	#	retain	not_individually_graded	s	[]	"[""L2-12a.png"", ""L2-12b.png""]"	
s2t042	2	42	P2.C12	G	O_bar	replace	high	?	[]	"[""L2-12a.png"", ""L2-12b.png""]"	Horizontal barred oval without the long descending stem of G; L2-12b and right page edge. Separate shape; value not assigned in the conservative decode.
s2t043	2	43	P2.C12	X	X	retain	not_individually_graded	a	[]	"[""L2-12a.png"", ""L2-12b.png""]"	
s2t044	2	44	P2.C12	fir	fir	retain	not_individually_graded	ci	[]	"[""L2-12a.png"", ""L2-12b.png""]"	
s2t044a	2	44	P2.C12		p?	insert	partial	?	"[""pin""]"	"[""L2-12a.png"", ""L2-12b.png""]"	After fir, an additional p-initial group is clipped by the dark right border. The p descender and following strokes are visible in L2-12b and the uncropped rotated page. pin=li is a completion, not a fully visible group. Counted as one provisional group.
s2t045	2	45	P2.C13	uc	uc	retain	not_individually_graded	us	[]	"[""L2-13a.png"", ""L2-13b.png""]"	
s2t046	2	46	P2.C13	16	ib	replace	probable	mi	"[""16""]"	"[""L2-13a.png"", ""L2-13b.png""]"	Tall looped second ascender is compatible with b, unlike the compact 6 of 16 at the end of the preceding line. Compare L2-13a with L2-12b. The reading mihi supports but does not prove this choice.
s2t047	2	47	P2.C13	Eb	G	replace	probable	h	"[""Eb""]"	"[""L2-13a.png"", ""L2-13b.png""]"	Barred loop with long descender and lower cross-stroke resembles the G immediately later in L2-13b and the haud sign on p3. It differs from the small e-under-oval compound at s2t086.
s2t048	2	48	P2.C13	A	A	retain	not_individually_graded	i	[]	"[""L2-13a.png"", ""L2-13b.png""]"	
s2t049	2	49	P2.C13	X	X	retain	not_individually_graded	a	[]	"[""L2-13a.png"", ""L2-13b.png""]"	
s2t050	2	50	P2.C13	K	K	retain	not_individually_graded	d	[]	"[""L2-13a.png"", ""L2-13b.png""]"	
s2t051	2	51	P2.C13	12	12	retain	not_individually_graded	pe	[]	"[""L2-13a.png"", ""L2-13b.png""]"	
s2t052	2	52	P2.C13	16	16	retain	not_individually_graded	r	[]	"[""L2-13a.png"", ""L2-13b.png""]"	
s2t053	2	53	P2.C13	X	X	retain	not_individually_graded	a	[]	"[""L2-13a.png"", ""L2-13b.png""]"	
s2t054	2	54	P2.C13	les	les	retain	not_individually_graded	ge	[]	"[""L2-13a.png"", ""L2-13b.png""]"	
s2t055	2	55	P2.C13	T	T	retain	not_individually_graded	n	[]	"[""L2-13a.png"", ""L2-13b.png""]"	
s2t056	2	56	P2.C13	hu	hu	retain	not_individually_graded	du	[]	"[""L2-13a.png"", ""L2-13b.png""]"	
s2t057	2	57	P2.C13	F	F	retain	not_individually_graded	m	[]	"[""L2-13a.png"", ""L2-13b.png""]"	
s2t058	2	58	P2.C13	G	G	retain	not_individually_graded	h	[]	"[""L2-13a.png"", ""L2-13b.png""]"	
s2t059	2	59	P2.C13	10	10	retain	not_individually_graded	u	[]	"[""L2-13a.png"", ""L2-13b.png""]"	
s2t060	2	60	P2.C13	^xN	^xN	retain	not_individually_graded		[]	"[""L2-13a.png"", ""L2-13b.png""]"	
s2t061	2	61	P2.C14	T	T	retain	not_individually_graded	n	[]	"[""L2-14a.png"", ""L2-14b.png""]"	
s2t062	2	62	P2.C14	N	N	retain	not_individually_graded	c	[]	"[""L2-14a.png"", ""L2-14b.png""]"	
s2t063	2	63	P2.C14	A	A	retain	not_individually_graded	i	[]	"[""L2-14a.png"", ""L2-14b.png""]"	
s2t064	2	64	P2.C14	15	15	retain	not_individually_graded	p	[]	"[""L2-14a.png"", ""L2-14b.png""]"	
s2t065	2	65	P2.C14	tos	tos	retain	not_individually_graded	so	[]	"[""L2-14a.png"", ""L2-14b.png""]"	
s2t066	2	66	P2.C14	tun	tun	retain	not_individually_graded	ru	[]	"[""L2-14a.png"", ""L2-14b.png""]"	
s2t067	2	67	P2.C14	F91	F91	retain	uncertain	m	"[""F91""]"	"[""L2-14a.png"", ""L2-14b.png""]"	Diacritic position/identity not securely resolved; v4 assigns m contextually. Retain this compound label.
s2t068	2	68	P2.C14	3	3	retain	not_individually_graded	q	[]	"[""L2-14a.png"", ""L2-14b.png""]"	
s2t069	2	69	P2.C14	Z	Z	retain	not_individually_graded	u	[]	"[""L2-14a.png"", ""L2-14b.png""]"	
s2t070	2	70	P2.C14	9	9	retain	not_individually_graded	e	[]	"[""L2-14a.png"", ""L2-14b.png""]"	
s2t071	2	71	P2.C14	4	4	retain	not_individually_graded	s	[]	"[""L2-14a.png"", ""L2-14b.png""]"	
s2t072	2	72	P2.C14	ib	ib	retain	not_individually_graded	mi	[]	"[""L2-14a.png"", ""L2-14b.png""]"	
s2t073	2	73	P2.C14	adb	adb	retain	uncertain	?	"[""adb"", ""idb""]"	"[""L2-14a.png"", ""L2-14b.png""]"	Barred two-letter group; vowel and value uncertain. Kept as a compound instead of importing ad=na.
s2t074	2	74	P2.C14	p	p	retain	not_individually_graded	n	[]	"[""L2-14a.png"", ""L2-14b.png""]"	
s2t075	2	75	P2.C14	xir	xir	retain	not_individually_graded	ti	[]	"[""L2-14a.png"", ""L2-14b.png""]"	
s2t076	2	76	P2.C14	M	M	retain	not_individually_graded	r	[]	"[""L2-14a.png"", ""L2-14b.png""]"	
s2t077	2	77	P2.C15	A	A	retain	not_individually_graded	i	[]	"[""L2-15a.png"", ""L2-15b.png""]"	
s2t078	2	78	P2.C15	4	4	retain	not_individually_graded	s	[]	"[""L2-15a.png"", ""L2-15b.png""]"	
s2t079	2	79	P2.C15	4	4	retain	not_individually_graded	s	[]	"[""L2-15a.png"", ""L2-15b.png""]"	
s2t080	2	80	P2.C15	xir	xir	retain	not_individually_graded	ti	[]	"[""L2-15a.png"", ""L2-15b.png""]"	
s2t081	2	81	P2.C15	4	4	retain	not_individually_graded	s	[]	"[""L2-15a.png"", ""L2-15b.png""]"	
s2t082	2	82	P2.C15	ten	ten	retain	not_individually_graded	re	[]	"[""L2-15a.png"", ""L2-15b.png""]"	
s2t083	2	83	P2.C15	H91	H91	retain	uncertain	?	"[""H91""]"	"[""L2-15a.png"", ""L2-15b.png""]"	Compound h-like sign with superscript marks; value not recovered.
s2t084	2	84	P2.C15	X	X	retain	not_individually_graded	a	[]	"[""L2-15a.png"", ""L2-15b.png""]"	
s2t085	2	85	P2.C15	S	S	retain	not_individually_graded	t	[]	"[""L2-15a.png"", ""L2-15b.png""]"	
s2t086	2	86	P2.C15	Eb	O_bar_e	replace	high	?	[]	"[""L2-15a.png"", ""L2-15b.png""]"	A small e-like component below the barred oval, not the long descending G form; L2-15b. Compound value remains unknown.
s2t087	2	87	P2.C15	ed	ed	retain	not_individually_graded	ne	[]	"[""L2-15a.png"", ""L2-15b.png""]"	
s2t088	2	88	P2.C15	los	los	retain	not_individually_graded	go	[]	"[""L2-15a.png"", ""L2-15b.png""]"	
s2t089	2	89	P2.C15	fir	fir	retain	not_individually_graded	ci	[]	"[""L2-15a.png"", ""L2-15b.png""]"	
s2t090	2	90	P2.C15	Z	Z	retain	not_individually_graded	u	[]	"[""L2-15a.png"", ""L2-15b.png""]"	
s2t091	2	91	P2.C15	F	F	retain	not_individually_graded	m	[]	"[""L2-15a.png"", ""L2-15b.png""]"	
s2t092	2	92	P2.C15	X	X	retain	not_individually_graded	a	[]	"[""L2-15a.png"", ""L2-15b.png""]"	
s2t093	2	93	P2.C16	M	M	retain	not_individually_graded	r	[]	"[""L2-16a.png"", ""L2-16b.png""]"	
s2t094	2	94	P2.C16	ob	ob	retain	not_individually_graded	mo	[]	"[""L2-16a.png"", ""L2-16b.png""]"	
s2t095	2	95	P2.C16	fun	fun	retain	not_individually_graded	ru	[]	"[""L2-16a.png"", ""L2-16b.png""]"	
s2t096	2	96	P2.C16	F	F	retain	not_individually_graded	m	[]	"[""L2-16a.png"", ""L2-16b.png""]"	
s2t097	2	97	P2.C16	fus	fus	retain	not_individually_graded	qu	[]	"[""L2-16a.png"", ""L2-16b.png""]"	
s2t098	2	98	P2.C16	y	y	retain	not_individually_graded	o	[]	"[""L2-16a.png"", ""L2-16b.png""]"	
s2t099	2	99	P2.C16	fun	fun	retain	not_individually_graded	ru	[]	"[""L2-16a.png"", ""L2-16b.png""]"	
s2t100	2	100	P2.C16	F	F	retain	not_individually_graded	m	[]	"[""L2-16a.png"", ""L2-16b.png""]"	
s2t101	2	101	P2.C16	ob	ob	retain	not_individually_graded	mo	[]	"[""L2-16a.png"", ""L2-16b.png""]"	
s2t102	2	102	P2.C16	xir	xir	retain	uncertain	ti	"[""xir"", ""xur""]"	"[""L2-16a.png"", ""L2-16b.png""]"	xir appears in the source; intended motu requires xur. Retain source and record i/u emendation.
s2t103	2	103	P2.C16	9	9	retain	not_individually_graded	e	[]	"[""L2-16a.png"", ""L2-16b.png""]"	
s2t104	2	104	P2.C16	S	S	retain	not_individually_graded	t	[]	"[""L2-16a.png"", ""L2-16b.png""]"	
s2t105	2	105	P2.C16	hi	hi	retain	not_individually_graded	di	[]	"[""L2-16a.png"", ""L2-16b.png""]"	
s2t106	2	106	P2.C16	10	10	retain	not_individually_graded	u	[]	"[""L2-16a.png"", ""L2-16b.png""]"	
s2t107	2	107	P2.C16	9	9	retain	not_individually_graded	e	[]	"[""L2-16a.png"", ""L2-16b.png""]"	
s2t108	2	108	P2.C16	M	M	retain	not_individually_graded	r	[]	"[""L2-16a.png"", ""L2-16b.png""]"	
s2t109	2	109	P2.C17	tis	tis	retain	not_individually_graded	si	[]	"[""L2-17a.png"", ""L2-17b.png""]"	
s2t110	2	110	P2.C17	y	y	retain	not_individually_graded	o	[]	"[""L2-17a.png"", ""L2-17b.png""]"	
s2t111	2	111	P2.C17	ed	ed	retain	not_individually_graded	ne	[]	"[""L2-17a.png"", ""L2-17b.png""]"	
s2t112	2	112	P2.C17	for	for	retain	not_individually_graded	co	[]	"[""L2-17a.png"", ""L2-17b.png""]"	
s2t113	2	113	P2.C17	^9/4	^9/4	retain	not_individually_graded	m	[]	"[""L2-17a.png"", ""L2-17b.png""]"	
s2t114	2	114	P2.C17	A	A	retain	uncertain	i	"[""A"", ""Z""]"	"[""L2-17a.png"", ""L2-17b.png""]"	Crossed a-like sign is visible; intended commune needs u instead of its established i. No source-supported substitution elected.
s2t115	2	115	P2.C17	ed	ed	retain	not_individually_graded	ne	[]	"[""L2-17a.png"", ""L2-17b.png""]"	
s2t116	2	116	P2.C17	3	3	retain	not_individually_graded	q	[]	"[""L2-17a.png"", ""L2-17b.png""]"	
s2t117	2	117	P2.C17	10	10	retain	not_individually_graded	u	[]	"[""L2-17a.png"", ""L2-17b.png""]"	
s2t118	2	118	P2.C17	y	y	retain	not_individually_graded	o	[]	"[""L2-17a.png"", ""L2-17b.png""]"	
s2t119	2	119	P2.C17	K	K	retain	not_individually_graded	d	[]	"[""L2-17a.png"", ""L2-17b.png""]"	
s2t120	2	120	P2.C17	Z	Z	retain	not_individually_graded	u	[]	"[""L2-17a.png"", ""L2-17b.png""]"	
s2t121	2	121	P2.C17	xer	xer	retain	not_individually_graded	te	[]	"[""L2-17a.png"", ""L2-17b.png""]"	
s2t122	2	122	P2.C17	16	16	retain	not_individually_graded	r	[]	"[""L2-17a.png"", ""L2-17b.png""]"	
s2t123	2	123	P2.C17	cal	cal	retain	uncertain	que	"[""cal""]"	"[""L2-17a.png"", ""L2-17b.png""]"	cal=que is inherited from context in v4, not established as an ordinary vowel-preserving family.
s2t124	2	124	P2.C17	DB	DB	retain	not_individually_graded	p	[]	"[""L2-17a.png"", ""L2-17b.png""]"	
s2t125	2	125	P2.C18	M	M	retain	not_individually_graded	r	[]	"[""L2-18a.png"", ""L2-18b.png""]"	
s2t126	2	126	P2.C18	9	9	retain	not_individually_graded	e	[]	"[""L2-18a.png"", ""L2-18b.png""]"	
s2t127	2	127	P2.C18	xer	xer	retain	not_individually_graded	te	[]	"[""L2-18a.png"", ""L2-18b.png""]"	
s2t128	2	128	P2.C18	T	T	retain	not_individually_graded	n	[]	"[""L2-18a.png"", ""L2-18b.png""]"	
s2t129	2	129	P2.C18	hi	hi	retain	not_individually_graded	di	[]	"[""L2-18a.png"", ""L2-18b.png""]"	
s2t130	2	130	P2.C18	ub	ub	retain	not_individually_graded	mu	[]	"[""L2-18a.png"", ""L2-18b.png""]"	
s2t131	2	131	P2.C18	Zx	Zx	retain	not_individually_graded	s	[]	"[""L2-18a.png"", ""L2-18b.png""]"	
s2t132	2	132	P2.C18	DB	DB	retain	not_individually_graded	p	[]	"[""L2-18a.png"", ""L2-18b.png""]"	
s2t133	2	133	P2.C18	M	M	retain	not_individually_graded	r	[]	"[""L2-18a.png"", ""L2-18b.png""]"	
s2t134	2	134	P2.C18	Pb	Pb	retain	not_individually_graded	e	[]	"[""L2-18a.png"", ""L2-18b.png""]"	
s2t135	2	135	P2.C18	hi	hi	retain	not_individually_graded	di	[]	"[""L2-18a.png"", ""L2-18b.png""]"	
s2t136	2	136	P2.C18	N	N	retain	not_individually_graded	c	[]	"[""L2-18a.png"", ""L2-18b.png""]"	
s2t137	2	137	P2.C18	xer	xer	retain	not_individually_graded	te	[]	"[""L2-18a.png"", ""L2-18b.png""]"	
s2t138	2	138	P2.C18	X	X	retain	not_individually_graded	a	[]	"[""L2-18a.png"", ""L2-18b.png""]"	
s2t139	2	139	P2.C18	Z	Z	retain	not_individually_graded	u	[]	"[""L2-18a.png"", ""L2-18b.png""]"	
s2t140	2	140	P2.C18	lus	lus	retain	not_individually_graded	gu	[]	"[""L2-18a.png"", ""L2-18b.png""]"	
s2t141	2	141	P2.C19	#	#	retain	not_individually_graded	s	[]	"[""L2-19a.png"", ""L2-19b.png""]"	
s2t142	2	142	P2.C19	xir	xir	retain	not_individually_graded	ti	[]	"[""L2-19a.png"", ""L2-19b.png""]"	
s2t143	2	143	P2.C19	tis	tis	retain	not_individually_graded	si	[]	"[""L2-19a.png"", ""L2-19b.png""]"	
s2t144	2	144	P2.C19	eb	eb	retain	not_individually_graded	me	[]	"[""L2-19a.png"", ""L2-19b.png""]"	
s2t145	2	145	P2.C19	od	od	retain	not_individually_graded	no	[]	"[""L2-19a.png"", ""L2-19b.png""]"	
s2t146	2	146	P2.C19	#	#	retain	not_individually_graded	s	[]	"[""L2-19a.png"", ""L2-19b.png""]"	
s2t147	2	147	P2.C19	S	S	retain	not_individually_graded	t	[]	"[""L2-19a.png"", ""L2-19b.png""]"	
s2t148	2	148	P2.C19	M	M	retain	not_individually_graded	r	[]	"[""L2-19a.png"", ""L2-19b.png""]"	
s2t149	2	149	P2.C19	9	9	retain	not_individually_graded	e	[]	"[""L2-19a.png"", ""L2-19b.png""]"	
s2t150	2	150	P2.C19	ho	ho	retain	not_individually_graded	do	[]	"[""L2-19a.png"", ""L2-19b.png""]"	
s2t151	2	151	P2.C19	ub	ub	retain	uncertain	mu	"[""ub"", ""ib"", ""16""]"	"[""L2-19a.png"", ""L2-19b.png""]"	Tall loop and preceding short stroke are ambiguous; pass2 ub=mu retained, but source may be ib. No confidence upgrade from domus context.
s2t152	2	152	P2.C19	#	#	retain	not_individually_graded	s	[]	"[""L2-19a.png"", ""L2-19b.png""]"	
s2t153	2	153	P2.C19	for	for	retain	not_individually_graded	co	[]	"[""L2-19a.png"", ""L2-19b.png""]"	
s2t154	2	154	P2.C19	ub	ub	retain	not_individually_graded	mu	[]	"[""L2-19a.png"", ""L2-19b.png""]"	
s2t155	2	155	P2.C19	y	y	retain	not_individually_graded	o	[]	"[""L2-19a.png"", ""L2-19b.png""]"	
s2t156	2	156	P2.C19	hu	hu	retain	not_individually_graded	du	[]	"[""L2-19a.png"", ""L2-19b.png""]"	
s2t157	2	157	P2.C19	4	4	retain	uncertain	s	"[""4""]"	"[""L2-19a.png"", ""L2-19b.png""]"	Long-stem 4 after comuodu remains; m needed for commodum is not justified by setting all 4 signs to m.
s2t158	2	158	P2.C20	od	od	retain	not_individually_graded	no	[]	"[""L2-20a.png"", ""L2-20b.png""]"	
s2t159	2	159	P2.C20	4	D4short	replace	probable	?	"[""4""]"	"[""L2-20a.png"", ""L2-20b.png""]"	Triangular 4-like shape has a much shorter lower stem than adjacent ordinary 4 signs; L2-20a versus L2-19b. Candidate n in non is contextual and is not installed as a key value.
s2t160	2	160	P2.C20	ib	ib	retain	not_individually_graded	mi	[]	"[""L2-20a.png"", ""L2-20b.png""]"	
s2t161	2	161	P2.C20	od	od	retain	not_individually_graded	no	[]	"[""L2-20a.png"", ""L2-20b.png""]"	
s2t162	2	162	P2.C20	16	16	retain	not_individually_graded	r	[]	"[""L2-20a.png"", ""L2-20b.png""]"	
s2t163	2	163	P2.C20	R	R	retain	not_individually_graded	q	[]	"[""L2-20a.png"", ""L2-20b.png""]"	
s2t164	2	164	P2.C20	10	10	retain	not_individually_graded	u	[]	"[""L2-20a.png"", ""L2-20b.png""]"	
s2t165	2	165	P2.C20	^x41	^x41	retain	not_individually_graded		[]	"[""L2-20a.png"", ""L2-20b.png""]"	
s2t166	2	166	P2.C20	X	X	retain	not_individually_graded	a	[]	"[""L2-20a.png"", ""L2-20b.png""]"	
s2t167	2	167	P2.C20	F	F	retain	not_individually_graded	m	[]	"[""L2-20a.png"", ""L2-20b.png""]"	
s2t168	2	168	P2.C20	9	9	retain	not_individually_graded	e	[]	"[""L2-20a.png"", ""L2-20b.png""]"	
s2t169	2	169	P2.C20	C	C	retain	uncertain	l	"[""C""]"	"[""L2-20a.png"", ""L2-20b.png""]"	C=l is visible. The edited ea requires changing its value to a at this occurrence; keep discrepancy explicit.
s2t170	2	170	P2.C20	V	V	retain	not_individually_graded	?	[]	"[""L2-20a.png"", ""L2-20b.png""]"	
s2t171	2	171	P2.C20	Q	Q	retain	not_individually_graded	?	[]	"[""L2-20a.png"", ""L2-20b.png""]"	
s3t000	3	0	P3.C01	DB	DB	retain	not_individually_graded	p	[]	"[""p3-cip.png""]"	
s3t001	3	1	P3.C01	M	M	retain	not_individually_graded	r	[]	"[""p3-cip.png""]"	
s3t002	3	2	P3.C01	y	y	retain	not_individually_graded	o	[]	"[""p3-cip.png""]"	
s3t003	3	3	P3.C01	ob	ob	retain	not_individually_graded	mo	[]	"[""p3-cip.png""]"	
s3t004	3	4	P3.C01	10	10	retain	not_individually_graded	u	[]	"[""p3-cip.png""]"	
s3t005	3	5	P3.C01	9	9	retain	not_individually_graded	e	[]	"[""p3-cip.png""]"	
s3t006	3	6	P3.C01	ten	ten	retain	not_individually_graded	re	[]	"[""p3-cip.png""]"	
s3t007	3	7	P3.C01	G	G	retain	not_individually_graded	h	[]	"[""p3-cip.png""]"	
s3t008	3	8	P3.C01	X	X	retain	not_individually_graded	a	[]	"[""p3-cip.png""]"	
s3t009	3	9	P3.C01	Z	Z	retain	not_individually_graded	u	[]	"[""p3-cip.png""]"	
s3t010	3	10	P3.C01	K	K	retain	not_individually_graded	d	[]	"[""p3-cip.png""]"	
s3t011	3	11	P3.C02	he	he	retain	not_individually_graded	de	[]	"[""p3-cip.png""]"	
s3t012	3	12	P3.C02	hi	hi	retain	not_individually_graded	di	[]	"[""p3-cip.png""]"	
s3t013	3	13	P3.C02	b	b	retain	not_individually_graded	g	[]	"[""p3-cip.png""]"	
s3t014	3	14	P3.C02	ed	ed	retain	not_individually_graded	ne	[]	"[""p3-cip.png""]"	
s3t015	3	15	P3.C02	xur	xur	retain	not_individually_graded	tu	[]	"[""p3-cip.png""]"	
s3t016	3	16	P3.C02	16	16	retain	not_individually_graded	r	[]	"[""p3-cip.png""]"	
s3t017	3	17	P3.C02	R	R	retain	not_individually_graded	q	[]	"[""p3-cip.png""]"	
s3t018	3	18	P3.C02	V	V	retain	not_individually_graded	?	[]	"[""p3-cip.png""]"	
s3t019	3	19	P3.C02	Gs	Gs	retain	not_individually_graded	?	[]	"[""p3-cip.png""]"	
