id	cipher	literal	grade	basis
s0t000	for	co	M	Contextual reconstruction or unresolved sign; source alternatives in alignment.tsv; no S claim
s0t001	ub	mu	M	Contextual reconstruction or unresolved sign; source alternatives in alignment.tsv; no S claim
s0t002	id	ni	M	Contextual reconstruction or unresolved sign; source alternatives in alignment.tsv; no S claim
s0t003	#	s	M	Contextual reconstruction or unresolved sign; source alternatives in alignment.tsv; no S claim
s0t004	X	a	M	Contextual reconstruction or unresolved sign; source alternatives in alignment.tsv; no S claim
s0t005	10	u	M	Contextual reconstruction or unresolved sign; source alternatives in alignment.tsv; no S claim
s0t006	his	gi	M	Contextual reconstruction or unresolved sign; source alternatives in alignment.tsv; no S claim
s0t007	#	s	M	Contextual reconstruction or unresolved sign; source alternatives in alignment.tsv; no S claim
s0t008	xir	ti	M	Contextual reconstruction or unresolved sign; source alternatives in alignment.tsv; no S claim
s0t009	tis	si	M	Contextual reconstruction or unresolved sign; source alternatives in alignment.tsv; no S claim
s0t010	eb	me	M	Contextual reconstruction or unresolved sign; source alternatives in alignment.tsv; no S claim
s0t011	od	no	M	Contextual reconstruction or unresolved sign; source alternatives in alignment.tsv; no S claim
s0t012	#	s	M	Contextual reconstruction or unresolved sign; source alternatives in alignment.tsv; no S claim
s0t013	Ft	t	M	Contextual reconstruction or unresolved sign; source alternatives in alignment.tsv; no S claim
s0t014	M	r	M	Contextual reconstruction or unresolved sign; source alternatives in alignment.tsv; no S claim
s0t015	9	e	M	Contextual reconstruction or unresolved sign; source alternatives in alignment.tsv; no S claim
s0t016	ho	do	M	Contextual reconstruction or unresolved sign; source alternatives in alignment.tsv; no S claim
s0t017	ib	mi	M	Contextual reconstruction or unresolved sign; source alternatives in alignment.tsv; no S claim
s0t018	#	s	M	Contextual reconstruction or unresolved sign; source alternatives in alignment.tsv; no S claim
s0t019	tas	sa	M	Contextual reconstruction or unresolved sign; source alternatives in alignment.tsv; no S claim
s0t020	pun	lu	M	Contextual reconstruction or unresolved sign; source alternatives in alignment.tsv; no S claim
s0t021	xir	ti	M	Contextual reconstruction or unresolved sign; source alternatives in alignment.tsv; no S claim
s0t022	Zb	s	M	Contextual reconstruction or unresolved sign; source alternatives in alignment.tsv; no S claim
s0t023	#	s	M	Contextual reconstruction or unresolved sign; source alternatives in alignment.tsv; no S claim
s0t024	xar	ta	M	Contextual reconstruction or unresolved sign; source alternatives in alignment.tsv; no S claim
s0t025	sil	bi	M	Contextual reconstruction or unresolved sign; source alternatives in alignment.tsv; no S claim
s0t026	pin	li	M	Contextual reconstruction or unresolved sign; source alternatives in alignment.tsv; no S claim
s0t027	42	en	M	Contextual reconstruction or unresolved sign; source alternatives in alignment.tsv; no S claim
s0t028	he	de	M	Contextual reconstruction or unresolved sign; source alternatives in alignment.tsv; no S claim
s0t029	tan	ra	M	Contextual reconstruction or unresolved sign; source alternatives in alignment.tsv; no S claim
s0t030	Ft	t	M	Contextual reconstruction or unresolved sign; source alternatives in alignment.tsv; no S claim
s0t031	A	i	M	Contextual reconstruction or unresolved sign; source alternatives in alignment.tsv; no S claim
s0t032	y	o	M	Contextual reconstruction or unresolved sign; source alternatives in alignment.tsv; no S claim
s0t033	L		M	Contextual reconstruction or unresolved sign; source alternatives in alignment.tsv; no S claim
s0t034	Fs		M	Contextual reconstruction or unresolved sign; source alternatives in alignment.tsv; no S claim
s1t000	Z4	i	M	Contextual reconstruction or unresolved sign; source alternatives in alignment.tsv; no S claim
s1t001	DB	p	M	Contextual reconstruction or unresolved sign; source alternatives in alignment.tsv; no S claim
s1t002	tus	su	M	Contextual reconstruction or unresolved sign; source alternatives in alignment.tsv; no S claim
s1t003	F	m	M	Contextual reconstruction or unresolved sign; source alternatives in alignment.tsv; no S claim
s1t004	ud	nu	M	Contextual reconstruction or unresolved sign; source alternatives in alignment.tsv; no S claim
s1t005	13	ll	M	Contextual reconstruction or unresolved sign; source alternatives in alignment.tsv; no S claim
s1t006	oc	os	M	Contextual reconstruction or unresolved sign; source alternatives in alignment.tsv; no S claim
s1t007	X	a	M	Contextual reconstruction or unresolved sign; source alternatives in alignment.tsv; no S claim
s1t008	Z2	?	M	Contextual reconstruction or unresolved sign; source alternatives in alignment.tsv; no S claim
s1t009	ltu	?	M	Contextual reconstruction or unresolved sign; source alternatives in alignment.tsv; no S claim
s1t010	#	s	M	Contextual reconstruction or unresolved sign; source alternatives in alignment.tsv; no S claim
s1t011	3	q	M	Contextual reconstruction or unresolved sign; source alternatives in alignment.tsv; no S claim
s1t012	Z2	?	M	Contextual reconstruction or unresolved sign; source alternatives in alignment.tsv; no S claim
s1t013	#	s	M	Contextual reconstruction or unresolved sign; source alternatives in alignment.tsv; no S claim
s1t014	ten	re	M	Contextual reconstruction or unresolved sign; source alternatives in alignment.tsv; no S claim
s1t015	#	s	M	Contextual reconstruction or unresolved sign; source alternatives in alignment.tsv; no S claim
s1t016	xir	ti	M	Contextual reconstruction or unresolved sign; source alternatives in alignment.tsv; no S claim
s1t017	xur	tu	M	Contextual reconstruction or unresolved sign; source alternatives in alignment.tsv; no S claim
s1t018	9	e	M	Contextual reconstruction or unresolved sign; source alternatives in alignment.tsv; no S claim
s1t019	T	n	M	Contextual reconstruction or unresolved sign; source alternatives in alignment.tsv; no S claim
s1t020	hi	di	M	Contextual reconstruction or unresolved sign; source alternatives in alignment.tsv; no S claim
s1t021	#	s	M	Contextual reconstruction or unresolved sign; source alternatives in alignment.tsv; no S claim
s1t022	A	i	M	Contextual reconstruction or unresolved sign; source alternatives in alignment.tsv; no S claim
s1t023	^9/7	ll	M	Contextual reconstruction or unresolved sign; source alternatives in alignment.tsv; no S claim
s1t024	ic	is	M	Contextual reconstruction or unresolved sign; source alternatives in alignment.tsv; no S claim
s1t025	5	q	M	Contextual reconstruction or unresolved sign; source alternatives in alignment.tsv; no S claim
s1t026	Z	u	M	Contextual reconstruction or unresolved sign; source alternatives in alignment.tsv; no S claim
s1t027	Z4	i	M	Contextual reconstruction or unresolved sign; source alternatives in alignment.tsv; no S claim
s1t028	43	in	M	Contextual reconstruction or unresolved sign; source alternatives in alignment.tsv; no S claim
s1t029	ir	fi	M	Contextual reconstruction or unresolved sign; source alternatives in alignment.tsv; no S claim
s1t030	he	de	M	Contextual reconstruction or unresolved sign; source alternatives in alignment.tsv; no S claim
s1t031	F	m	M	Contextual reconstruction or unresolved sign; source alternatives in alignment.tsv; no S claim
s1t032	X	a	M	Contextual reconstruction or unresolved sign; source alternatives in alignment.tsv; no S claim
s1t033	N	c	M	Contextual reconstruction or unresolved sign; source alternatives in alignment.tsv; no S claim
s1t034	xur	tu	M	Contextual reconstruction or unresolved sign; source alternatives in alignment.tsv; no S claim
s1t035	xer	te	M	Contextual reconstruction or unresolved sign; source alternatives in alignment.tsv; no S claim
s1t036	pan	la	M	Contextual reconstruction or unresolved sign; source alternatives in alignment.tsv; no S claim
s1t037	Q4	m	M	Contextual reconstruction or unresolved sign; source alternatives in alignment.tsv; no S claim
s1t038	G9	i	M	Contextual reconstruction or unresolved sign; source alternatives in alignment.tsv; no S claim
s1t039	DB	p	M	Contextual reconstruction or unresolved sign; source alternatives in alignment.tsv; no S claim
s1t040	tis	si	M	Contextual reconstruction or unresolved sign; source alternatives in alignment.tsv; no S claim
s1t041	uc	us	M	Contextual reconstruction or unresolved sign; source alternatives in alignment.tsv; no S claim
s1t042	tes	se	M	Contextual reconstruction or unresolved sign; source alternatives in alignment.tsv; no S claim
s1t043	for	co	M	Contextual reconstruction or unresolved sign; source alternatives in alignment.tsv; no S claim
s1t044	T	n	M	Contextual reconstruction or unresolved sign; source alternatives in alignment.tsv; no S claim
s1t045	9	e	M	Contextual reconstruction or unresolved sign; source alternatives in alignment.tsv; no S claim
s1t046	A	i	M	Contextual reconstruction or unresolved sign; source alternatives in alignment.tsv; no S claim
s1t047	9	e	M	Contextual reconstruction or unresolved sign; source alternatives in alignment.tsv; no S claim
s1t048	fer	ce	M	Contextual reconstruction or unresolved sign; source alternatives in alignment.tsv; no S claim
s1t049	tun	ru	M	Contextual reconstruction or unresolved sign; source alternatives in alignment.tsv; no S claim
s1t050	tin	ri	M	Contextual reconstruction or unresolved sign; source alternatives in alignment.tsv; no S claim
s1t051	T	n	M	Contextual reconstruction or unresolved sign; source alternatives in alignment.tsv; no S claim
s1t052	8	t	M	Contextual reconstruction or unresolved sign; source alternatives in alignment.tsv; no S claim
s1t053	DB	p	M	Contextual reconstruction or unresolved sign; source alternatives in alignment.tsv; no S claim
s1t054	M	r	M	Contextual reconstruction or unresolved sign; source alternatives in alignment.tsv; no S claim
s1t055	43	in	M	Contextual reconstruction or unresolved sign; source alternatives in alignment.tsv; no S claim
s1t056	fir	ci	M	Contextual reconstruction or unresolved sign; source alternatives in alignment.tsv; no S claim
s1t057	48	pi	M	Contextual reconstruction or unresolved sign; source alternatives in alignment.tsv; no S claim
s1t058	sul	bu	M	Contextual reconstruction or unresolved sign; source alternatives in alignment.tsv; no S claim
s1t059	Zx	s	M	Contextual reconstruction or unresolved sign; source alternatives in alignment.tsv; no S claim
s1t060	43	in	M	Contextual reconstruction or unresolved sign; source alternatives in alignment.tsv; no S claim
s1t061	DB	p	M	Contextual reconstruction or unresolved sign; source alternatives in alignment.tsv; no S claim
s1t062	M	r	M	Contextual reconstruction or unresolved sign; source alternatives in alignment.tsv; no S claim
s1t063	A	i	M	Contextual reconstruction or unresolved sign; source alternatives in alignment.tsv; no S claim
s1t064	ib	mi	M	Contextual reconstruction or unresolved sign; source alternatives in alignment.tsv; no S claim
s1t065	Zx	s	M	Contextual reconstruction or unresolved sign; source alternatives in alignment.tsv; no S claim
s1t066	^9Z	u	M	Contextual reconstruction or unresolved sign; source alternatives in alignment.tsv; no S claim
s1t067	A	i	M	Contextual reconstruction or unresolved sign; source alternatives in alignment.tsv; no S claim
s1t068	^x4		M	Contextual reconstruction or unresolved sign; source alternatives in alignment.tsv; no S claim
s1t069	M	r	M	Contextual reconstruction or unresolved sign; source alternatives in alignment.tsv; no S claim
s1t070	xer	te	M	Contextual reconstruction or unresolved sign; source alternatives in alignment.tsv; no S claim
s1t071	^xF		M	Contextual reconstruction or unresolved sign; source alternatives in alignment.tsv; no S claim
s1t072	T	n	M	Contextual reconstruction or unresolved sign; source alternatives in alignment.tsv; no S claim
s1t073	sed	be	M	Contextual reconstruction or unresolved sign; source alternatives in alignment.tsv; no S claim
s1t074	M	r	M	Contextual reconstruction or unresolved sign; source alternatives in alignment.tsv; no S claim
s1t075	lis	gi	M	Contextual reconstruction or unresolved sign; source alternatives in alignment.tsv; no S claim
s1t076	for	co	M	Contextual reconstruction or unresolved sign; source alternatives in alignment.tsv; no S claim
s1t077	9	e	M	Contextual reconstruction or unresolved sign; source alternatives in alignment.tsv; no S claim
s1t078	S	t	M	Contextual reconstruction or unresolved sign; source alternatives in alignment.tsv; no S claim
s1t079	hu	du	M	Contextual reconstruction or unresolved sign; source alternatives in alignment.tsv; no S claim
s1t080	16	r	M	Contextual reconstruction or unresolved sign; source alternatives in alignment.tsv; no S claim
s1t081	pan	la	M	Contextual reconstruction or unresolved sign; source alternatives in alignment.tsv; no S claim
s1t082	fer	ce	M	Contextual reconstruction or unresolved sign; source alternatives in alignment.tsv; no S claim
s1t083	p	n	M	Contextual reconstruction or unresolved sign; source alternatives in alignment.tsv; no S claim
s1t084	tis	si	M	Contextual reconstruction or unresolved sign; source alternatives in alignment.tsv; no S claim
s1t085	DB	p	M	Contextual reconstruction or unresolved sign; source alternatives in alignment.tsv; no S claim
s1t086	M	r	M	Contextual reconstruction or unresolved sign; source alternatives in alignment.tsv; no S claim
s1t087	Yx	o	M	Contextual reconstruction or unresolved sign; source alternatives in alignment.tsv; no S claim
s1t088	ur	fu	M	Contextual reconstruction or unresolved sign; source alternatives in alignment.tsv; no S claim
s1t089	xur	tu	M	Contextual reconstruction or unresolved sign; source alternatives in alignment.tsv; no S claim
s1t090	ton	ro	M	Contextual reconstruction or unresolved sign; source alternatives in alignment.tsv; no S claim
s1t091	#	s	M	Contextual reconstruction or unresolved sign; source alternatives in alignment.tsv; no S claim
s1t092	9	e	M	Contextual reconstruction or unresolved sign; source alternatives in alignment.tsv; no S claim
s1t093	tes	se	M	Contextual reconstruction or unresolved sign; source alternatives in alignment.tsv; no S claim
s1t094	N	c	M	Contextual reconstruction or unresolved sign; source alternatives in alignment.tsv; no S claim
s1t095	16	r	M	Contextual reconstruction or unresolved sign; source alternatives in alignment.tsv; no S claim
s1t096	9	e	M	Contextual reconstruction or unresolved sign; source alternatives in alignment.tsv; no S claim
s1t097	hi	di	M	Contextual reconstruction or unresolved sign; source alternatives in alignment.tsv; no S claim
s1t098	he	de	M	Contextual reconstruction or unresolved sign; source alternatives in alignment.tsv; no S claim
s1t099	tin	ri	M	Contextual reconstruction or unresolved sign; source alternatives in alignment.tsv; no S claim
s1t100	S	t	M	Contextual reconstruction or unresolved sign; source alternatives in alignment.tsv; no S claim
s1t101	43	in	M	Contextual reconstruction or unresolved sign; source alternatives in alignment.tsv; no S claim
s1t102	xer	te	M	Contextual reconstruction or unresolved sign; source alternatives in alignment.tsv; no S claim
s1t103	M	r	M	Contextual reconstruction or unresolved sign; source alternatives in alignment.tsv; no S claim
s1t104	ib	mi	M	Contextual reconstruction or unresolved sign; source alternatives in alignment.tsv; no S claim
s1t105	tus	su	M	Contextual reconstruction or unresolved sign; source alternatives in alignment.tsv; no S claim
s1t106	tin	ri	M	Contextual reconstruction or unresolved sign; source alternatives in alignment.tsv; no S claim
s1t107	F	m	M	Contextual reconstruction or unresolved sign; source alternatives in alignment.tsv; no S claim
s1t108	9	e	M	Contextual reconstruction or unresolved sign; source alternatives in alignment.tsv; no S claim
s1t109	R	q	M	Contextual reconstruction or unresolved sign; source alternatives in alignment.tsv; no S claim
s1t110	Z	u	M	Contextual reconstruction or unresolved sign; source alternatives in alignment.tsv; no S claim
s1t111	p	n	M	Contextual reconstruction or unresolved sign; source alternatives in alignment.tsv; no S claim
s1t112	T	n	M	Contextual reconstruction or unresolved sign; source alternatives in alignment.tsv; no S claim
s1t113	xur	tu	M	Contextual reconstruction or unresolved sign; source alternatives in alignment.tsv; no S claim
s1t114	#	s	M	Contextual reconstruction or unresolved sign; source alternatives in alignment.tsv; no S claim
s1t115	10	u	M	Contextual reconstruction or unresolved sign; source alternatives in alignment.tsv; no S claim
s1t116	9	e	M	Contextual reconstruction or unresolved sign; source alternatives in alignment.tsv; no S claim
s1t117	ton	ro	M	Contextual reconstruction or unresolved sign; source alternatives in alignment.tsv; no S claim
s1t118	43	in	M	Contextual reconstruction or unresolved sign; source alternatives in alignment.tsv; no S claim
s1t119	he	de	M	Contextual reconstruction or unresolved sign; source alternatives in alignment.tsv; no S claim
s1t120	N	c	M	Contextual reconstruction or unresolved sign; source alternatives in alignment.tsv; no S claim
s1t121	M	r	M	Contextual reconstruction or unresolved sign; source alternatives in alignment.tsv; no S claim
s1t122	A	i	M	Contextual reconstruction or unresolved sign; source alternatives in alignment.tsv; no S claim
s1t123	45	s	M	Contextual reconstruction or unresolved sign; source alternatives in alignment.tsv; no S claim
s1t124	hu	du	M	Contextual reconstruction or unresolved sign; source alternatives in alignment.tsv; no S claim
s1t125	#	s	M	Contextual reconstruction or unresolved sign; source alternatives in alignment.tsv; no S claim
s1t126	odl	no	M	Contextual reconstruction or unresolved sign; source alternatives in alignment.tsv; no S claim
s1t127	T	n	M	Contextual reconstruction or unresolved sign; source alternatives in alignment.tsv; no S claim
s1t128	ib	mi	M	Contextual reconstruction or unresolved sign; source alternatives in alignment.tsv; no S claim
s1t129	od	no	M	Contextual reconstruction or unresolved sign; source alternatives in alignment.tsv; no S claim
s1t130	ten	re	M	Contextual reconstruction or unresolved sign; source alternatives in alignment.tsv; no S claim
s1t131	4	s	M	Contextual reconstruction or unresolved sign; source alternatives in alignment.tsv; no S claim
s1t132	Pb	e	M	Contextual reconstruction or unresolved sign; source alternatives in alignment.tsv; no S claim
s1t133	ob	mo	M	Contextual reconstruction or unresolved sign; source alternatives in alignment.tsv; no S claim
s1t134	pun	lu	M	Contextual reconstruction or unresolved sign; source alternatives in alignment.tsv; no S claim
s1t135	eb	me	M	Contextual reconstruction or unresolved sign; source alternatives in alignment.tsv; no S claim
s1t136	p	n	M	Contextual reconstruction or unresolved sign; source alternatives in alignment.tsv; no S claim
s1t137	xir	ti	M	Contextual reconstruction or unresolved sign; source alternatives in alignment.tsv; no S claim
s1t138	Z	u	M	Contextual reconstruction or unresolved sign; source alternatives in alignment.tsv; no S claim
s1t139	9	e	M	Contextual reconstruction or unresolved sign; source alternatives in alignment.tsv; no S claim
s1t140	J	l	M	Contextual reconstruction or unresolved sign; source alternatives in alignment.tsv; no S claim
s1t141	he	de	M	Contextual reconstruction or unresolved sign; source alternatives in alignment.tsv; no S claim
s1t142	S	t	M	Contextual reconstruction or unresolved sign; source alternatives in alignment.tsv; no S claim
s1t143	M	r	M	Contextual reconstruction or unresolved sign; source alternatives in alignment.tsv; no S claim
s1t144	A	i	M	Contextual reconstruction or unresolved sign; source alternatives in alignment.tsv; no S claim
s1t145	eb	me	M	Contextual reconstruction or unresolved sign; source alternatives in alignment.tsv; no S claim
s1t146	p	n	M	Contextual reconstruction or unresolved sign; source alternatives in alignment.tsv; no S claim
s1t147	xir	ti	M	Contextual reconstruction or unresolved sign; source alternatives in alignment.tsv; no S claim
s1t148	ten	re	M	Contextual reconstruction or unresolved sign; source alternatives in alignment.tsv; no S claim
s1t149	sul	bu	M	Contextual reconstruction or unresolved sign; source alternatives in alignment.tsv; no S claim
s1t150	#	s	M	Contextual reconstruction or unresolved sign; source alternatives in alignment.tsv; no S claim
s1t151	hi	di	M	Contextual reconstruction or unresolved sign; source alternatives in alignment.tsv; no S claim
s1t152	pen	le	M	Contextual reconstruction or unresolved sign; source alternatives in alignment.tsv; no S claim
s1t153	^9N	ct	M	Contextual reconstruction or unresolved sign; source alternatives in alignment.tsv; no S claim
s1t154	A	i	M	Contextual reconstruction or unresolved sign; source alternatives in alignment.tsv; no S claim
s1t155	y	o	M	Contextual reconstruction or unresolved sign; source alternatives in alignment.tsv; no S claim
s1t156	ed	ne	M	Contextual reconstruction or unresolved sign; source alternatives in alignment.tsv; no S claim
s1t157	#	s	M	Contextual reconstruction or unresolved sign; source alternatives in alignment.tsv; no S claim
s1t158	Z	u	M	Contextual reconstruction or unresolved sign; source alternatives in alignment.tsv; no S claim
s1t159	9	e	M	Contextual reconstruction or unresolved sign; source alternatives in alignment.tsv; no S claim
s1t160	#	s	M	Contextual reconstruction or unresolved sign; source alternatives in alignment.tsv; no S claim
s1t161	S	t	M	Contextual reconstruction or unresolved sign; source alternatives in alignment.tsv; no S claim
s1t162	M	r	M	Contextual reconstruction or unresolved sign; source alternatives in alignment.tsv; no S claim
s1t163	9	e	M	Contextual reconstruction or unresolved sign; source alternatives in alignment.tsv; no S claim
s1t164	3	q	M	Contextual reconstruction or unresolved sign; source alternatives in alignment.tsv; no S claim
s1t165	Z	u	M	Contextual reconstruction or unresolved sign; source alternatives in alignment.tsv; no S claim
s1t166	X	a	M	Contextual reconstruction or unresolved sign; source alternatives in alignment.tsv; no S claim
s1t167	4	s	M	Contextual reconstruction or unresolved sign; source alternatives in alignment.tsv; no S claim
s1t168	eb	me	M	Contextual reconstruction or unresolved sign; source alternatives in alignment.tsv; no S claim
s1t169	ic	is	M	Contextual reconstruction or unresolved sign; source alternatives in alignment.tsv; no S claim
s1t170	146	pa	M	Contextual reconstruction or unresolved sign; source alternatives in alignment.tsv; no S claim
s1t171	M	r	M	Contextual reconstruction or unresolved sign; source alternatives in alignment.tsv; no S claim
s1t172	xer	te	M	Contextual reconstruction or unresolved sign; source alternatives in alignment.tsv; no S claim
s1t173	4	s	M	Contextual reconstruction or unresolved sign; source alternatives in alignment.tsv; no S claim
s1t174	tis	si	M	Contextual reconstruction or unresolved sign; source alternatives in alignment.tsv; no S claim
s1t175	S	t	M	Contextual reconstruction or unresolved sign; source alternatives in alignment.tsv; no S claim
s1t176	X	a	M	Contextual reconstruction or unresolved sign; source alternatives in alignment.tsv; no S claim
s1t177	^9/13	ll	M	Contextual reconstruction or unresolved sign; source alternatives in alignment.tsv; no S claim
s1t178	X	a	M	Contextual reconstruction or unresolved sign; source alternatives in alignment.tsv; no S claim
s1t179	xur	tu	M	Contextual reconstruction or unresolved sign; source alternatives in alignment.tsv; no S claim
s1t180	fun	ru	M	Contextual reconstruction or unresolved sign; source alternatives in alignment.tsv; no S claim
s1t181	#	s	M	Contextual reconstruction or unresolved sign; source alternatives in alignment.tsv; no S claim
s1t182	A	i	M	Contextual reconstruction or unresolved sign; source alternatives in alignment.tsv; no S claim
s1t183	he	de	M	Contextual reconstruction or unresolved sign; source alternatives in alignment.tsv; no S claim
s1t184	y	o	M	Contextual reconstruction or unresolved sign; source alternatives in alignment.tsv; no S claim
s1t185	fur	cu	M	Contextual reconstruction or unresolved sign; source alternatives in alignment.tsv; no S claim
s1t186	F	m	M	Contextual reconstruction or unresolved sign; source alternatives in alignment.tsv; no S claim
s1t187	3	q	M	Contextual reconstruction or unresolved sign; source alternatives in alignment.tsv; no S claim
s1t188	10	u	M	Contextual reconstruction or unresolved sign; source alternatives in alignment.tsv; no S claim
s1t189	X	a	M	Contextual reconstruction or unresolved sign; source alternatives in alignment.tsv; no S claim
s1t190	Z	u	M	Contextual reconstruction or unresolved sign; source alternatives in alignment.tsv; no S claim
s1t191	xur	tu	M	Contextual reconstruction or unresolved sign; source alternatives in alignment.tsv; no S claim
s1t192	F	m	M	Contextual reconstruction or unresolved sign; source alternatives in alignment.tsv; no S claim
s1t193	43	in	M	Contextual reconstruction or unresolved sign; source alternatives in alignment.tsv; no S claim
s1t194	eb	me	M	Contextual reconstruction or unresolved sign; source alternatives in alignment.tsv; no S claim
s1t195	ec	es	M	Contextual reconstruction or unresolved sign; source alternatives in alignment.tsv; no S claim
s1t196	S	t	M	Contextual reconstruction or unresolved sign; source alternatives in alignment.tsv; no S claim
s1t197	tus	su	M	Contextual reconstruction or unresolved sign; source alternatives in alignment.tsv; no S claim
s1t198	10	u	M	Contextual reconstruction or unresolved sign; source alternatives in alignment.tsv; no S claim
s1t199	8	t	M	Contextual reconstruction or unresolved sign; source alternatives in alignment.tsv; no S claim
s1t200	10	u	M	Contextual reconstruction or unresolved sign; source alternatives in alignment.tsv; no S claim
s1t201	9	e	M	Contextual reconstruction or unresolved sign; source alternatives in alignment.tsv; no S claim
s1t202	M	r	M	Contextual reconstruction or unresolved sign; source alternatives in alignment.tsv; no S claim
s1t203	xer	te	M	Contextual reconstruction or unresolved sign; source alternatives in alignment.tsv; no S claim
s1t204	T	n	M	Contextual reconstruction or unresolved sign; source alternatives in alignment.tsv; no S claim
s1t205	hi	di	M	Contextual reconstruction or unresolved sign; source alternatives in alignment.tsv; no S claim
s1t205a	#	s	M	Contextual reconstruction or unresolved sign; source alternatives in alignment.tsv; no S claim
s1t206	G	h	M	Contextual reconstruction or unresolved sign; source alternatives in alignment.tsv; no S claim
s1t207	ic	is	M	Contextual reconstruction or unresolved sign; source alternatives in alignment.tsv; no S claim
s1t208	fer	ce	M	Contextual reconstruction or unresolved sign; source alternatives in alignment.tsv; no S claim
s1t209	for	co	M	Contextual reconstruction or unresolved sign; source alternatives in alignment.tsv; no S claim
s1t210	ub	mu	M	Contextual reconstruction or unresolved sign; source alternatives in alignment.tsv; no S claim
s1t211	^9T	n	M	Contextual reconstruction or unresolved sign; source alternatives in alignment.tsv; no S claim
s1t212	A	i	M	Contextual reconstruction or unresolved sign; source alternatives in alignment.tsv; no S claim
s1t213	45	s	M	Contextual reconstruction or unresolved sign; source alternatives in alignment.tsv; no S claim
s1t214	od	no	M	Contextual reconstruction or unresolved sign; source alternatives in alignment.tsv; no S claim
s1t215	#	s	M	Contextual reconstruction or unresolved sign; source alternatives in alignment.tsv; no S claim
s1t216	S	t	M	Contextual reconstruction or unresolved sign; source alternatives in alignment.tsv; no S claim
s1t217	M	r	M	Contextual reconstruction or unresolved sign; source alternatives in alignment.tsv; no S claim
s1t218	9	e	M	Contextual reconstruction or unresolved sign; source alternatives in alignment.tsv; no S claim
s1t219	ho	do	M	Contextual reconstruction or unresolved sign; source alternatives in alignment.tsv; no S claim
s1t220	ub	mu	M	Contextual reconstruction or unresolved sign; source alternatives in alignment.tsv; no S claim
s1t221	Zx	s	M	Contextual reconstruction or unresolved sign; source alternatives in alignment.tsv; no S claim
s1t222	gam	h	M	Contextual reconstruction or unresolved sign; source alternatives in alignment.tsv; no S claim
s1t223	oc	os	M	Contextual reconstruction or unresolved sign; source alternatives in alignment.tsv; no S claim
s1t224	xir	ti	M	Contextual reconstruction or unresolved sign; source alternatives in alignment.tsv; no S claim
s1t225	Z	u	M	Contextual reconstruction or unresolved sign; source alternatives in alignment.tsv; no S claim
s1t226	F	m	M	Contextual reconstruction or unresolved sign; source alternatives in alignment.tsv; no S claim
s1t227	for	co	M	Contextual reconstruction or unresolved sign; source alternatives in alignment.tsv; no S claim
s1t228	T	n	M	Contextual reconstruction or unresolved sign; source alternatives in alignment.tsv; no S claim
s1t229	^xad		M	Contextual reconstruction or unresolved sign; source alternatives in alignment.tsv; no S claim
s1t230	X	a	M	Contextual reconstruction or unresolved sign; source alternatives in alignment.tsv; no S claim
s1t231	xir	ti	M	Contextual reconstruction or unresolved sign; source alternatives in alignment.tsv; no S claim
s1t232	sul	bu	M	Contextual reconstruction or unresolved sign; source alternatives in alignment.tsv; no S claim
s1t233	#	s	M	Contextual reconstruction or unresolved sign; source alternatives in alignment.tsv; no S claim
s1t234	43	in	M	Contextual reconstruction or unresolved sign; source alternatives in alignment.tsv; no S claim
s1t235	xer	te	M	Contextual reconstruction or unresolved sign; source alternatives in alignment.tsv; no S claim
s1t236	T	n	M	Contextual reconstruction or unresolved sign; source alternatives in alignment.tsv; no S claim
s1t237	hes	ge	M	Contextual reconstruction or unresolved sign; source alternatives in alignment.tsv; no S claim
s1t238	ten	re	M	Contextual reconstruction or unresolved sign; source alternatives in alignment.tsv; no S claim
s1t239	od	no	M	Contextual reconstruction or unresolved sign; source alternatives in alignment.tsv; no S claim
s1t240	p	n	M	Contextual reconstruction or unresolved sign; source alternatives in alignment.tsv; no S claim
s1t241	he	de	M	Contextual reconstruction or unresolved sign; source alternatives in alignment.tsv; no S claim
s1t242	tis	si	M	Contextual reconstruction or unresolved sign; source alternatives in alignment.tsv; no S claim
s1t243	ad	na	M	Contextual reconstruction or unresolved sign; source alternatives in alignment.tsv; no S claim
s1t244	F	m	M	Contextual reconstruction or unresolved sign; source alternatives in alignment.tsv; no S claim
s2t000	10	u	M	Contextual reconstruction or unresolved sign; source alternatives in alignment.tsv; no S claim
s2t001	Ft	t	M	Contextual reconstruction or unresolved sign; source alternatives in alignment.tsv; no S claim
s2t002	eb	me	M	Contextual reconstruction or unresolved sign; source alternatives in alignment.tsv; no S claim
s2t003	hi	di	M	Contextual reconstruction or unresolved sign; source alternatives in alignment.tsv; no S claim
s2t004	41	an	M	Contextual reconstruction or unresolved sign; source alternatives in alignment.tsv; no S claim
s2t005	xer	te	M	Contextual reconstruction or unresolved sign; source alternatives in alignment.tsv; no S claim
s2t006	X	a	M	Contextual reconstruction or unresolved sign; source alternatives in alignment.tsv; no S claim
s2t007	pin	li	M	Contextual reconstruction or unresolved sign; source alternatives in alignment.tsv; no S claim
s2t008	5	q	M	Contextual reconstruction or unresolved sign; source alternatives in alignment.tsv; no S claim
s2t009	Z	u	M	Contextual reconstruction or unresolved sign; source alternatives in alignment.tsv; no S claim
s2t010	y	o	M	Contextual reconstruction or unresolved sign; source alternatives in alignment.tsv; no S claim
s2t011	5	q	M	Contextual reconstruction or unresolved sign; source alternatives in alignment.tsv; no S claim
s2t012	10	u	M	Contextual reconstruction or unresolved sign; source alternatives in alignment.tsv; no S claim
s2t013	A	i	M	Contextual reconstruction or unresolved sign; source alternatives in alignment.tsv; no S claim
s2t014	hi	di	M	Contextual reconstruction or unresolved sign; source alternatives in alignment.tsv; no S claim
s2t015	#	s	M	Contextual reconstruction or unresolved sign; source alternatives in alignment.tsv; no S claim
s2t016	S	t	M	Contextual reconstruction or unresolved sign; source alternatives in alignment.tsv; no S claim
s2t017	M	r	M	Contextual reconstruction or unresolved sign; source alternatives in alignment.tsv; no S claim
s2t018	X	a	M	Contextual reconstruction or unresolved sign; source alternatives in alignment.tsv; no S claim
s2t019	N	c	M	Contextual reconstruction or unresolved sign; source alternatives in alignment.tsv; no S claim
s2t020	xir	ti	M	Contextual reconstruction or unresolved sign; source alternatives in alignment.tsv; no S claim
s2t021	#	s	M	Contextual reconstruction or unresolved sign; source alternatives in alignment.tsv; no S claim
s2t022	SS	i	M	Contextual reconstruction or unresolved sign; source alternatives in alignment.tsv; no S claim
s2t023	C	l	M	Contextual reconstruction or unresolved sign; source alternatives in alignment.tsv; no S claim
s2t024	pon	lo	M	Contextual reconstruction or unresolved sign; source alternatives in alignment.tsv; no S claim
s2t025	tun	ru	M	Contextual reconstruction or unresolved sign; source alternatives in alignment.tsv; no S claim
s2t026	T	n	M	Contextual reconstruction or unresolved sign; source alternatives in alignment.tsv; no S claim
s2t027	43	in	M	Contextual reconstruction or unresolved sign; source alternatives in alignment.tsv; no S claim
s2t028	hi	di	M	Contextual reconstruction or unresolved sign; source alternatives in alignment.tsv; no S claim
s2t029	10	u	M	Contextual reconstruction or unresolved sign; source alternatives in alignment.tsv; no S claim
s2t030	9	e	M	Contextual reconstruction or unresolved sign; source alternatives in alignment.tsv; no S claim
s2t031	M	r	M	Contextual reconstruction or unresolved sign; source alternatives in alignment.tsv; no S claim
s2t032	tas	sa	M	Contextual reconstruction or unresolved sign; source alternatives in alignment.tsv; no S claim
s2t033	Zx	s	M	Contextual reconstruction or unresolved sign; source alternatives in alignment.tsv; no S claim
s2t034	46	pa	M	Contextual reconstruction or unresolved sign; source alternatives in alignment.tsv; no S claim
s2t035	16	r	M	Contextual reconstruction or unresolved sign; source alternatives in alignment.tsv; no S claim
s2t036	xer	te	M	Contextual reconstruction or unresolved sign; source alternatives in alignment.tsv; no S claim
s2t037	#	s	M	Contextual reconstruction or unresolved sign; source alternatives in alignment.tsv; no S claim
s2t038	X	a	M	Contextual reconstruction or unresolved sign; source alternatives in alignment.tsv; no S claim
s2t039	id	ni	M	Contextual reconstruction or unresolved sign; source alternatives in alignment.tsv; no S claim
s2t040	ib	mi	M	Contextual reconstruction or unresolved sign; source alternatives in alignment.tsv; no S claim
s2t041	#	s	M	Contextual reconstruction or unresolved sign; source alternatives in alignment.tsv; no S claim
s2t042	O_bar	?	M	Contextual reconstruction or unresolved sign; source alternatives in alignment.tsv; no S claim
s2t043	X	a	M	Contextual reconstruction or unresolved sign; source alternatives in alignment.tsv; no S claim
s2t044	fir	ci	M	Contextual reconstruction or unresolved sign; source alternatives in alignment.tsv; no S claim
s2t044a	p?	?	M	Contextual reconstruction or unresolved sign; source alternatives in alignment.tsv; no S claim
s2t045	uc	us	M	Contextual reconstruction or unresolved sign; source alternatives in alignment.tsv; no S claim
s2t046	ib	mi	M	Contextual reconstruction or unresolved sign; source alternatives in alignment.tsv; no S claim
s2t047	G	h	M	Contextual reconstruction or unresolved sign; source alternatives in alignment.tsv; no S claim
s2t048	A	i	M	Contextual reconstruction or unresolved sign; source alternatives in alignment.tsv; no S claim
s2t049	X	a	M	Contextual reconstruction or unresolved sign; source alternatives in alignment.tsv; no S claim
s2t050	K	d	M	Contextual reconstruction or unresolved sign; source alternatives in alignment.tsv; no S claim
s2t051	12	pe	M	Contextual reconstruction or unresolved sign; source alternatives in alignment.tsv; no S claim
s2t052	16	r	M	Contextual reconstruction or unresolved sign; source alternatives in alignment.tsv; no S claim
s2t053	X	a	M	Contextual reconstruction or unresolved sign; source alternatives in alignment.tsv; no S claim
s2t054	les	ge	M	Contextual reconstruction or unresolved sign; source alternatives in alignment.tsv; no S claim
s2t055	T	n	M	Contextual reconstruction or unresolved sign; source alternatives in alignment.tsv; no S claim
s2t056	hu	du	M	Contextual reconstruction or unresolved sign; source alternatives in alignment.tsv; no S claim
s2t057	F	m	M	Contextual reconstruction or unresolved sign; source alternatives in alignment.tsv; no S claim
s2t058	G	h	M	Contextual reconstruction or unresolved sign; source alternatives in alignment.tsv; no S claim
s2t059	10	u	M	Contextual reconstruction or unresolved sign; source alternatives in alignment.tsv; no S claim
s2t060	^xN		M	Contextual reconstruction or unresolved sign; source alternatives in alignment.tsv; no S claim
s2t061	T	n	M	Contextual reconstruction or unresolved sign; source alternatives in alignment.tsv; no S claim
s2t062	N	c	M	Contextual reconstruction or unresolved sign; source alternatives in alignment.tsv; no S claim
s2t063	A	i	M	Contextual reconstruction or unresolved sign; source alternatives in alignment.tsv; no S claim
s2t064	15	p	M	Contextual reconstruction or unresolved sign; source alternatives in alignment.tsv; no S claim
s2t065	tos	so	M	Contextual reconstruction or unresolved sign; source alternatives in alignment.tsv; no S claim
s2t066	tun	ru	M	Contextual reconstruction or unresolved sign; source alternatives in alignment.tsv; no S claim
s2t067	F91	m	M	Contextual reconstruction or unresolved sign; source alternatives in alignment.tsv; no S claim
s2t068	3	q	M	Contextual reconstruction or unresolved sign; source alternatives in alignment.tsv; no S claim
s2t069	Z	u	M	Contextual reconstruction or unresolved sign; source alternatives in alignment.tsv; no S claim
s2t070	9	e	M	Contextual reconstruction or unresolved sign; source alternatives in alignment.tsv; no S claim
s2t071	4	s	M	Contextual reconstruction or unresolved sign; source alternatives in alignment.tsv; no S claim
s2t072	ib	mi	M	Contextual reconstruction or unresolved sign; source alternatives in alignment.tsv; no S claim
s2t073	adb	?	M	Contextual reconstruction or unresolved sign; source alternatives in alignment.tsv; no S claim
s2t074	p	n	M	Contextual reconstruction or unresolved sign; source alternatives in alignment.tsv; no S claim
s2t075	xir	ti	M	Contextual reconstruction or unresolved sign; source alternatives in alignment.tsv; no S claim
s2t076	M	r	M	Contextual reconstruction or unresolved sign; source alternatives in alignment.tsv; no S claim
s2t077	A	i	M	Contextual reconstruction or unresolved sign; source alternatives in alignment.tsv; no S claim
s2t078	4	s	M	Contextual reconstruction or unresolved sign; source alternatives in alignment.tsv; no S claim
s2t079	4	s	M	Contextual reconstruction or unresolved sign; source alternatives in alignment.tsv; no S claim
s2t080	xir	ti	M	Contextual reconstruction or unresolved sign; source alternatives in alignment.tsv; no S claim
s2t081	4	s	M	Contextual reconstruction or unresolved sign; source alternatives in alignment.tsv; no S claim
s2t082	ten	re	M	Contextual reconstruction or unresolved sign; source alternatives in alignment.tsv; no S claim
s2t083	H91	?	M	Contextual reconstruction or unresolved sign; source alternatives in alignment.tsv; no S claim
s2t084	X	a	M	Contextual reconstruction or unresolved sign; source alternatives in alignment.tsv; no S claim
s2t085	S	t	M	Contextual reconstruction or unresolved sign; source alternatives in alignment.tsv; no S claim
s2t086	O_bar_e	?	M	Contextual reconstruction or unresolved sign; source alternatives in alignment.tsv; no S claim
s2t087	ed	ne	M	Contextual reconstruction or unresolved sign; source alternatives in alignment.tsv; no S claim
s2t088	los	go	M	Contextual reconstruction or unresolved sign; source alternatives in alignment.tsv; no S claim
s2t089	fir	ci	M	Contextual reconstruction or unresolved sign; source alternatives in alignment.tsv; no S claim
s2t090	Z	u	M	Contextual reconstruction or unresolved sign; source alternatives in alignment.tsv; no S claim
s2t091	F	m	M	Contextual reconstruction or unresolved sign; source alternatives in alignment.tsv; no S claim
s2t092	X	a	M	Contextual reconstruction or unresolved sign; source alternatives in alignment.tsv; no S claim
s2t093	M	r	M	Contextual reconstruction or unresolved sign; source alternatives in alignment.tsv; no S claim
s2t094	ob	mo	M	Contextual reconstruction or unresolved sign; source alternatives in alignment.tsv; no S claim
s2t095	fun	ru	M	Contextual reconstruction or unresolved sign; source alternatives in alignment.tsv; no S claim
s2t096	F	m	M	Contextual reconstruction or unresolved sign; source alternatives in alignment.tsv; no S claim
s2t097	fus	qu	M	Contextual reconstruction or unresolved sign; source alternatives in alignment.tsv; no S claim
s2t098	y	o	M	Contextual reconstruction or unresolved sign; source alternatives in alignment.tsv; no S claim
s2t099	fun	ru	M	Contextual reconstruction or unresolved sign; source alternatives in alignment.tsv; no S claim
s2t100	F	m	M	Contextual reconstruction or unresolved sign; source alternatives in alignment.tsv; no S claim
s2t101	ob	mo	M	Contextual reconstruction or unresolved sign; source alternatives in alignment.tsv; no S claim
s2t102	xir	ti	M	Contextual reconstruction or unresolved sign; source alternatives in alignment.tsv; no S claim
s2t103	9	e	M	Contextual reconstruction or unresolved sign; source alternatives in alignment.tsv; no S claim
s2t104	S	t	M	Contextual reconstruction or unresolved sign; source alternatives in alignment.tsv; no S claim
s2t105	hi	di	M	Contextual reconstruction or unresolved sign; source alternatives in alignment.tsv; no S claim
s2t106	10	u	M	Contextual reconstruction or unresolved sign; source alternatives in alignment.tsv; no S claim
s2t107	9	e	M	Contextual reconstruction or unresolved sign; source alternatives in alignment.tsv; no S claim
s2t108	M	r	M	Contextual reconstruction or unresolved sign; source alternatives in alignment.tsv; no S claim
s2t109	tis	si	M	Contextual reconstruction or unresolved sign; source alternatives in alignment.tsv; no S claim
s2t110	y	o	M	Contextual reconstruction or unresolved sign; source alternatives in alignment.tsv; no S claim
s2t111	ed	ne	M	Contextual reconstruction or unresolved sign; source alternatives in alignment.tsv; no S claim
s2t112	for	co	M	Contextual reconstruction or unresolved sign; source alternatives in alignment.tsv; no S claim
s2t113	^9/4	m	M	Contextual reconstruction or unresolved sign; source alternatives in alignment.tsv; no S claim
s2t114	A	i	M	Contextual reconstruction or unresolved sign; source alternatives in alignment.tsv; no S claim
s2t115	ed	ne	M	Contextual reconstruction or unresolved sign; source alternatives in alignment.tsv; no S claim
s2t116	3	q	M	Contextual reconstruction or unresolved sign; source alternatives in alignment.tsv; no S claim
s2t117	10	u	M	Contextual reconstruction or unresolved sign; source alternatives in alignment.tsv; no S claim
s2t118	y	o	M	Contextual reconstruction or unresolved sign; source alternatives in alignment.tsv; no S claim
s2t119	K	d	M	Contextual reconstruction or unresolved sign; source alternatives in alignment.tsv; no S claim
s2t120	Z	u	M	Contextual reconstruction or unresolved sign; source alternatives in alignment.tsv; no S claim
s2t121	xer	te	M	Contextual reconstruction or unresolved sign; source alternatives in alignment.tsv; no S claim
s2t122	16	r	M	Contextual reconstruction or unresolved sign; source alternatives in alignment.tsv; no S claim
s2t123	cal	que	M	Contextual reconstruction or unresolved sign; source alternatives in alignment.tsv; no S claim
s2t124	DB	p	M	Contextual reconstruction or unresolved sign; source alternatives in alignment.tsv; no S claim
s2t125	M	r	M	Contextual reconstruction or unresolved sign; source alternatives in alignment.tsv; no S claim
s2t126	9	e	M	Contextual reconstruction or unresolved sign; source alternatives in alignment.tsv; no S claim
s2t127	xer	te	M	Contextual reconstruction or unresolved sign; source alternatives in alignment.tsv; no S claim
s2t128	T	n	M	Contextual reconstruction or unresolved sign; source alternatives in alignment.tsv; no S claim
s2t129	hi	di	M	Contextual reconstruction or unresolved sign; source alternatives in alignment.tsv; no S claim
s2t130	ub	mu	M	Contextual reconstruction or unresolved sign; source alternatives in alignment.tsv; no S claim
s2t131	Zx	s	M	Contextual reconstruction or unresolved sign; source alternatives in alignment.tsv; no S claim
s2t132	DB	p	M	Contextual reconstruction or unresolved sign; source alternatives in alignment.tsv; no S claim
s2t133	M	r	M	Contextual reconstruction or unresolved sign; source alternatives in alignment.tsv; no S claim
s2t134	Pb	e	M	Contextual reconstruction or unresolved sign; source alternatives in alignment.tsv; no S claim
s2t135	hi	di	M	Contextual reconstruction or unresolved sign; source alternatives in alignment.tsv; no S claim
s2t136	N	c	M	Contextual reconstruction or unresolved sign; source alternatives in alignment.tsv; no S claim
s2t137	xer	te	M	Contextual reconstruction or unresolved sign; source alternatives in alignment.tsv; no S claim
s2t138	X	a	M	Contextual reconstruction or unresolved sign; source alternatives in alignment.tsv; no S claim
s2t139	Z	u	M	Contextual reconstruction or unresolved sign; source alternatives in alignment.tsv; no S claim
s2t140	lus	gu	M	Contextual reconstruction or unresolved sign; source alternatives in alignment.tsv; no S claim
s2t141	#	s	M	Contextual reconstruction or unresolved sign; source alternatives in alignment.tsv; no S claim
s2t142	xir	ti	M	Contextual reconstruction or unresolved sign; source alternatives in alignment.tsv; no S claim
s2t143	tis	si	M	Contextual reconstruction or unresolved sign; source alternatives in alignment.tsv; no S claim
s2t144	eb	me	M	Contextual reconstruction or unresolved sign; source alternatives in alignment.tsv; no S claim
s2t145	od	no	M	Contextual reconstruction or unresolved sign; source alternatives in alignment.tsv; no S claim
s2t146	#	s	M	Contextual reconstruction or unresolved sign; source alternatives in alignment.tsv; no S claim
s2t147	S	t	M	Contextual reconstruction or unresolved sign; source alternatives in alignment.tsv; no S claim
s2t148	M	r	M	Contextual reconstruction or unresolved sign; source alternatives in alignment.tsv; no S claim
s2t149	9	e	M	Contextual reconstruction or unresolved sign; source alternatives in alignment.tsv; no S claim
s2t150	ho	do	M	Contextual reconstruction or unresolved sign; source alternatives in alignment.tsv; no S claim
s2t151	ub	mu	M	Contextual reconstruction or unresolved sign; source alternatives in alignment.tsv; no S claim
s2t152	#	s	M	Contextual reconstruction or unresolved sign; source alternatives in alignment.tsv; no S claim
s2t153	for	co	M	Contextual reconstruction or unresolved sign; source alternatives in alignment.tsv; no S claim
s2t154	ub	mu	M	Contextual reconstruction or unresolved sign; source alternatives in alignment.tsv; no S claim
s2t155	y	o	M	Contextual reconstruction or unresolved sign; source alternatives in alignment.tsv; no S claim
s2t156	hu	du	M	Contextual reconstruction or unresolved sign; source alternatives in alignment.tsv; no S claim
s2t157	4	s	M	Contextual reconstruction or unresolved sign; source alternatives in alignment.tsv; no S claim
s2t158	od	no	M	Contextual reconstruction or unresolved sign; source alternatives in alignment.tsv; no S claim
s2t159	D4short	?	M	Contextual reconstruction or unresolved sign; source alternatives in alignment.tsv; no S claim
s2t160	ib	mi	M	Contextual reconstruction or unresolved sign; source alternatives in alignment.tsv; no S claim
s2t161	od	no	M	Contextual reconstruction or unresolved sign; source alternatives in alignment.tsv; no S claim
s2t162	16	r	M	Contextual reconstruction or unresolved sign; source alternatives in alignment.tsv; no S claim
s2t163	R	q	M	Contextual reconstruction or unresolved sign; source alternatives in alignment.tsv; no S claim
s2t164	10	u	M	Contextual reconstruction or unresolved sign; source alternatives in alignment.tsv; no S claim
s2t165	^x41		M	Contextual reconstruction or unresolved sign; source alternatives in alignment.tsv; no S claim
s2t166	X	a	M	Contextual reconstruction or unresolved sign; source alternatives in alignment.tsv; no S claim
s2t167	F	m	M	Contextual reconstruction or unresolved sign; source alternatives in alignment.tsv; no S claim
s2t168	9	e	M	Contextual reconstruction or unresolved sign; source alternatives in alignment.tsv; no S claim
s2t169	C	l	M	Contextual reconstruction or unresolved sign; source alternatives in alignment.tsv; no S claim
s2t170	V	?	M	Contextual reconstruction or unresolved sign; source alternatives in alignment.tsv; no S claim
s2t171	Q	?	M	Contextual reconstruction or unresolved sign; source alternatives in alignment.tsv; no S claim
s3t000	DB	p	C	Directly matched to the following cleartext promovere haud dedignetur
s3t001	M	r	C	Directly matched to the following cleartext promovere haud dedignetur
s3t002	y	o	C	Directly matched to the following cleartext promovere haud dedignetur
s3t003	ob	mo	C	Directly matched to the following cleartext promovere haud dedignetur
s3t004	10	u	C	Directly matched to the following cleartext promovere haud dedignetur
s3t005	9	e	C	Directly matched to the following cleartext promovere haud dedignetur
s3t006	ten	re	C	Directly matched to the following cleartext promovere haud dedignetur
s3t007	G	h	C	Directly matched to the following cleartext promovere haud dedignetur
s3t008	X	a	C	Directly matched to the following cleartext promovere haud dedignetur
s3t009	Z	u	C	Directly matched to the following cleartext promovere haud dedignetur
s3t010	K	d	C	Directly matched to the following cleartext promovere haud dedignetur
s3t011	he	de	C	Directly matched to the following cleartext promovere haud dedignetur
s3t012	hi	di	C	Directly matched to the following cleartext promovere haud dedignetur
s3t013	b	g	C	Directly matched to the following cleartext promovere haud dedignetur
s3t014	ed	ne	C	Directly matched to the following cleartext promovere haud dedignetur
s3t015	xur	tu	C	Directly matched to the following cleartext promovere haud dedignetur
s3t016	16	r	C	Directly matched to the following cleartext promovere haud dedignetur
s3t017	R	q	M	Contextual reconstruction or unresolved sign; source alternatives in alignment.tsv; no S claim
s3t018	V	?	M	Contextual reconstruction or unresolved sign; source alternatives in alignment.tsv; no S claim
s3t019	Gs	?	M	Contextual reconstruction or unresolved sign; source alternatives in alignment.tsv; no S claim
