table	code	root	start_line	start_digit	end_line	end_digit	grade	qualification
A	883	[cipher begins]	R1	1	R1	3	I	assumed framing or displaced punctuation boundary; see emendations.json
A	31159	so	R1	4	R1	8	H	1752 Clavis Prima, numeric (R1698 I7484 P1)
A	31217	stat?	R1	9	R1	13	M	uncertain handwriting or selected reading; see key-evidence.json
A	31214	lich	R1	14	R1	18	H	1752 Clavis Prima, numeric (R1698 I7484 P1)
A	69	als	R1	19	R1	20	H	1752 Clavis Prima, numeric (R1698 I7484 P1)
A	31420	ich	R1	21	R1	25	H	1752 Clavis Prima, numeric (R1698 I7484 P1)
A	31078	nun	R1	26	R1	30	H	1752 Clavis Prima, numeric (R1698 I7484 P1)
A	31047	den	R1	31	R1	35	H	1752 Clavis Prima, numeric (R1698 I7484 P1)
A	31126	in	R1	36	R1	40	H	1752 Clavis Prima, numeric (R1698 I7484 P1)
A	95	n	R1	41	R1	42	H	1752 Clavis Prima, numeric (R1698 I7484 P1)
A	31382	halt	R1	43	R1	47	H	1752 Clavis Prima, numeric (R1698 I7484 P1)
A	31109	der	R1	48	R1	52	H	1752 Clavis Prima, numeric (R1698 I7484 P1)
A	31226	selb	R1	53	R1	57	H	1752 Clavis Prima, numeric (R1698 I7484 P1)
A	31033	ge	R1	58	R1	62	H	1752 Clavis Prima, numeric (R1698 I7484 P1)
A	31452	fu	R1	63	R1	67	H	1752 Clavis Prima, numeric (R1698 I7484 P1)
A	31265	n	R1	68	R2	3	H	1752 Clavis Prima, numeric (R1698 I7484 P1)
A	31047	den	R2	4	R2	8	H	1752 Clavis Prima, numeric (R1698 I7484 P1)
A	31443	so	R2	9	R2	13	H	1752 Clavis Prima, numeric (R1698 I7484 P1)
A	31191	groß	R2	14	R2	18	H	1752 Clavis Prima, numeric (R1698 I7484 P1)
A	31306	hoff	R2	19	R2	23	H	1752 Clavis Prima, numeric (R1698 I7484 P1)
A	31078	nun	R2	24	R2	28	H	1752 Clavis Prima, numeric (R1698 I7484 P1)
A	99	[g]	R2	29	R2	30	I	contextual emendation; not a universal historical99 mapping
A	31080	mach	R2	31	R2	35	H	1752 Clavis Prima, numeric (R1698 I7484 P1)
A	31268	mir	R2	36	R2	40	H	1752 Clavis Prima, numeric (R1698 I7484 P1)
A	854	,	R2	41	R2	43	I	assumed framing or displaced punctuation boundary; see emendations.json
A	00	das	R2	44	R2	45	H	1752 Clavis Prima, numeric (R1698 I7484 P1)
A	8		R2	46	R2	46	H	1752 Nota, items 2 and 4 (R1696 I7480 P1): 8 is the errans (null) among two-digit numbers
A	31221	es	R2	47	R2	51	I	proposed digit repair or token boundary after deletion; see emendations.json
A	31109	der	R2	52	R2	56	H	1752 Clavis Prima, numeric (R1698 I7484 P1)
A	31099	o	R2	57	R2	61	H	1752 Clavis Prima, numeric (R1698 I7484 P1)
A	31226	selb	R2	62	R2	66	H	1752 Clavis Prima, numeric (R1698 I7484 P1)
A	31005	an	R2	67	R2	71	H	1752 Clavis Prima, numeric (R1698 I7484 P1)
A	31019	noch	R2	72	R2	76	H	1752 Clavis Prima, numeric (R1698 I7484 P1)
A	31033	ge	R2	77	R2	81	H	1752 Clavis Prima, numeric (R1698 I7484 P1)
A	8		R2	82	R2	82	H	1752 Nota, items 2 and 4 (R1696 I7480 P1): 8 is the errans (null) among two-digit numbers
A	31334	li	R2	83	R3	2	H	1752 Clavis Prima, numeric (R1698 I7484 P1)
A	31223	ng	R3	3	R3	7	H	1752 Clavis Prima, numeric (R1698 I7484 P1)
A	31113	en	R3	8	R3	12	H	1752 Clavis Prima, numeric (R1698 I7484 P1)
A	31181	werden	R3	13	R3	17	H	1752 Clavis Prima, numeric (R1698 I7484 P1)
A	01	die	R3	18	R3	19	H	1752 Clavis Prima, numeric (R1698 I7484 P1)
A	70	durch	R3	20	R3	21	H	1752 Clavis Prima, numeric (R1698 I7484 P1)
A	31312	das	R3	22	R3	26	H	1752 Clavis Prima, numeric (R1698 I7484 P1)
A	31293	dem	R3	27	R3	31	H	1752 Clavis Prima, numeric (R1698 I7484 P1)
A	31075	st	R3	32	R3	36	H	1752 Clavis Prima, numeric (R1698 I7484 P1)
A	31027	at	R3	37	R3	41	H	1752 Clavis Prima, numeric (R1698 I7484 P1)
A	31368	s	R3	42	R3	46	I	proposed digit repair or token boundary after deletion; see emendations.json
A	22	secret	R3	47	R3	48	H	1752 Clavis Prima, numeric (R1698 I7484 P1)
A	31099	o	R3	49	R3	53	H	1752 Clavis Prima, numeric (R1698 I7484 P1)
A	31466	wa	R3	54	R3	58	H	1752 Clavis Prima, numeric (R1698 I7484 P1)
A	31136	l	R3	59	R3	63	H	1752 Clavis Prima, numeric (R1698 I7484 P1)
A	31211	be	R3	64	R3	68	H	1752 Clavis Prima, numeric (R1698 I7484 P1)
A	31408	hand	R3	69	R3	73	H	1752 Clavis Prima, numeric (R1698 I7484 P1)
A	31228	ig	R3	74	R3	78	H	1752 Clavis Prima, numeric (R1698 I7484 P1)
A	8		R3	79	R3	79	H	1752 Nota, items 2 and 4 (R1696 I7480 P1): 8 is the errans (null) among two-digit numbers
A	31262	te	R3	80	R3	84	H	1752 Clavis Prima, numeric (R1698 I7484 P1)
A	31149	sehr	R3	85	R4	1	H	1752 Clavis Prima, numeric (R1698 I7484 P1)
A	31438	tr	R4	2	R4	6	H	1752 Clavis Prima, numeric (R1698 I7484 P1)
A	66	e	R4	7	R4	8	H	1752 Clavis Prima, numeric (R1698 I7484 P1)
A	31364	fl	R4	9	R4	13	H	1752 Clavis Prima, numeric (R1698 I7484 P1)
A	31121	ich	R4	14	R4	18	H	1752 Clavis Prima, numeric (R1698 I7484 P1)
A	31115	ge	R4	19	R4	23	H	1752 Clavis Prima, numeric (R1698 I7484 P1)
A	31158	fa	R4	24	R4	28	H	1752 Clavis Prima, numeric (R1698 I7484 P1)
A	31348	ste	R4	29	R4	33	H	1752 Clavis Prima, numeric (R1698 I7484 P1)
A	31122	me	R4	34	R4	38	H	1752 Clavis Prima, numeric (R1698 I7484 P1)
A	31084	mo	R4	39	R4	43	H	1752 Clavis Prima, numeric (R1698 I7484 P1)
A	31433	ir	R4	44	R4	48	H	1752 Clavis Prima, numeric (R1698 I7484 P1)
A	31443	so	R4	49	R4	53	H	1752 Clavis Prima, numeric (R1698 I7484 P1)
A	31033	ge	R4	54	R4	58	H	1752 Clavis Prima, numeric (R1698 I7484 P1)
A	31271	sch	R4	59	R4	63	H	1752 Clavis Prima, numeric (R1698 I7484 P1)
A	31079	i	R4	64	R4	68	H	1752 Clavis Prima, numeric (R1698 I7484 P1)
A	31315	ck	R4	69	R4	73	H	1752 Clavis Prima, numeric (R1698 I7484 P1)
A	8		R4	74	R4	74	H	1752 Nota, items 2 and 4 (R1696 I7480 P1): 8 is the errans (null) among two-digit numbers
A	62	t	R4	75	R4	76	H	1752 Clavis Prima, numeric (R1698 I7484 P1)
A	69	als	R4	77	R4	78	H	1752 Clavis Prima, numeric (R1698 I7484 P1)
A	31287	vor	R4	79	R4	83	H	1752 Clavis Prima, numeric (R1698 I7484 P1)
A	31073	sich	R4	84	R5	1	I	proposed digit repair or token boundary after deletion; see emendations.json
A	31399	ti	R5	2	R5	6	H	1752 Clavis Prima, numeric (R1698 I7484 P1)
A	99	[g]	R5	7	R5	8	I	contextual emendation; not a universal historical99 mapping
A	31318	ein	R5	9	R5	13	H	1752 Clavis Prima, numeric (R1698 I7484 P1)
A	8		R5	14	R5	14	H	1752 Nota, items 2 and 4 (R1696 I7480 P1): 8 is the errans (null) among two-digit numbers
A	31115	ge	R5	15	R5	19	H	1752 Clavis Prima, numeric (R1698 I7484 P1)
A	31169	le	R5	20	R5	24	H	1752 Clavis Prima, numeric (R1698 I7484 P1)
A	31119	i	R5	25	R5	29	H	1752 Clavis Prima, numeric (R1698 I7484 P1)
A	31164	te	R5	30	R5	34	H	1752 Clavis Prima, numeric (R1698 I7484 P1)
A	31262	te	R5	35	R5	39	H	1752 Clavis Prima, numeric (R1698 I7484 P1)
A	31408	hand	R5	40	R5	44	H	1752 Clavis Prima, numeric (R1698 I7484 P1)
A	31078	nun	R5	45	R5	49	H	1752 Clavis Prima, numeric (R1698 I7484 P1)
A	31210	mer	R5	50	R5	54	H	1752 Clavis Prima, numeric (R1698 I7484 P1)
A	31116	h	R5	55	R5	59	H	1752 Clavis Prima, numeric (R1698 I7484 P1)
A	31428	ro	R5	60	R5	64	H	1752 Clavis Prima, numeric (R1698 I7484 P1)
A	31170	im	R5	65	R5	69	H	1752 Clavis Prima, numeric (R1698 I7484 P1)
A	31210	mer	R5	70	R5	74	H	1752 Clavis Prima, numeric (R1698 I7484 P1)
A	31383	off	R5	75	R5	79	H	1752 Clavis Prima, numeric (R1698 I7484 P1)
A	31089	zu	R5	80	R5	84	H	1752 Clavis Prima, numeric (R1698 I7484 P1)
A	31211	be	R5	85	R5	89	H	1752 Clavis Prima, numeric (R1698 I7484 P1)
A	31382	halt	R5	90	R5	94	H	1752 Clavis Prima, numeric (R1698 I7484 P1)
A	30000	und	R5	95	R6	1	H	1752 Clavis Prima, numeric (R1698 I7484 P1)
A	31293	dem	R6	2	R6	6	H	1752 Clavis Prima, numeric (R1698 I7484 P1)
A	31471	Spanien	R6	7	R6	11	H	1752 Clavis Prima, numeric (R1698 I7484 P1)
A	31306	hoff	R6	12	R6	16	H	1752 Clavis Prima, numeric (R1698 I7484 P1)
A	31197	bi	R6	18	R6	22	I	proposed digit repair or token boundary after deletion; see emendations.json
A	31394	zu/zeig	R6	24	R6	28	I	proposed digit repair or token boundary after deletion; see emendations.json
A	31380	solch	R6	29	R6	33	H	1752 Clavis Prima, numeric (R1698 I7484 P1)
A	31216	resolution	R6	34	R6	38	H	1752 Clavis Prima, numeric (R1698 I7484 P1)
A	31058	en	R6	39	R6	43	H	1752 Clavis Prima, numeric (R1698 I7484 P1)
A	31089	zu	R6	44	R6	48	H	1752 Clavis Prima, numeric (R1698 I7484 P1)
A	8		R6	49	R6	49	H	1752 Nota, items 2 and 4 (R1696 I7480 P1): 8 is the errans (null) among two-digit numbers
A	31171	ver?	R6	50	R6	54	M	uncertain handwriting or selected reading; see key-evidence.json
A	31263	mög/lich	R6	55	R6	59	H	1752 Clavis Prima, numeric (R1698 I7484 P1)
A	01	die	R6	60	R6	61	H	1752 Clavis Prima, numeric (R1698 I7484 P1)
A	31240	en	R6	62	R6	66	H	1752 Clavis Prima, numeric (R1698 I7484 P1)
A	62	t	R6	67	R6	68	H	1752 Clavis Prima, numeric (R1698 I7484 P1)
A	31163	weder	R6	69	R6	73	H	1752 Clavis Prima, numeric (R1698 I7484 P1)
A	31293	dem	R6	74	R6	78	H	1752 Clavis Prima, numeric (R1698 I7484 P1)
A	31036	Krieg	R6	79	R6	83	H	1752 Clavis Prima, numeric (R1698 I7484 P1)
A	31318	ein	R6	84	R6	88	H	1752 Clavis Prima, numeric (R1698 I7484 P1)
A	31184	ver	R6	89	R6	93	H	1752 Clavis Prima, numeric (R1698 I7484 P1)
A	31372	gn	R6	94	R6	98	H	1752 Clavis Prima, numeric (R1698 I7484 P1)
A	31168	u	R6	99	R7	3	H	1752 Clavis Prima, numeric (R1698 I7484 P1)
A	31350	gl	R7	4	R7	8	H	1752 Clavis Prima, numeric (R1698 I7484 P1)
A	31121	ich	R7	9	R7	13	H	1752 Clavis Prima, numeric (R1698 I7484 P1)
A	31490	re	R7	14	R7	18	H	1752 Clavis Prima, numeric (R1698 I7484 P1)
A	69	als	R7	19	R7	20	H	1752 Clavis Prima, numeric (R1698 I7484 P1)
A	01	die	R7	21	R7	22	H	1752 Clavis Prima, numeric (R1698 I7484 P1)
A	31106	der	R7	23	R7	27	H	1752 Clavis Prima, numeric (R1698 I7484 P1)
A	31208	mahl	R7	28	R7	32	H	1752 Clavis Prima, numeric (R1698 I7484 P1)
A	31228	ig	R7	33	R7	37	H	1752 Clavis Prima, numeric (R1698 I7484 P1)
A	8		R7	38	R7	38	H	1752 Nota, items 2 and 4 (R1696 I7480 P1): 8 is the errans (null) among two-digit numbers
A	31115	ge	R7	39	R7	43	H	1752 Clavis Prima, numeric (R1698 I7484 P1)
A	31075	st	R7	44	R7	48	H	1752 Clavis Prima, numeric (R1698 I7484 P1)
A	31359	al	R7	49	R7	53	H	1752 Clavis Prima, numeric (R1698 I7484 P1)
A	62	t	R7	54	R7	55	H	1752 Clavis Prima, numeric (R1698 I7484 P1)
A	31041	ist	R7	56	R7	60	H	1752 Clavis Prima, numeric (R1698 I7484 P1)
A	31333	geben	R7	61	R7	65	H	1752 Clavis Prima, numeric (R1698 I7484 P1)
A	21	oder	R7	66	R7	67	H	1752 Clavis Prima, numeric (R1698 I7484 P1)
A	31303	uns	R7	68	R7	72	H	1752 Clavis Prima, numeric (R1698 I7484 P1)
A	31318	ein	R7	73	R7	77	H	1752 Clavis Prima, numeric (R1698 I7484 P1)
A	31061	er	R7	78	R7	82	H	1752 Clavis Prima, numeric (R1698 I7484 P1)
A	31222	spr	R7	83	R7	87	H	1752 Clavis Prima, numeric (R1698 I7484 P1)
A	31447	s	R7	88	R7	92	H	1752 Clavis Prima, numeric (R1698 I7484 P1)
A	31214	lich	R7	93	R7	97	H	1752 Clavis Prima, numeric (R1698 I7484 P1)
A	31328	ho	V1	2	V1	6	I	proposed digit repair or token boundary after deletion; see emendations.json
A	8		V1	7	V1	7	H	1752 Nota, items 2 and 4 (R1696 I7480 P1): 8 is the errans (null) among two-digit numbers
A	95	n	V1	8	V1	9	H	1752 Clavis Prima, numeric (R1698 I7484 P1)
A	31346	or	V1	10	V1	14	H	1752 Clavis Prima, numeric (R1698 I7484 P1)
A	31000	ab	V1	15	V1	19	H	1752 Clavis Prima, numeric (R1698 I7484 P1)
A	31169	le	V1	20	V1	24	H	1752 Clavis Prima, numeric (R1698 I7484 P1)
A	95	n	V1	25	V1	26	H	1752 Clavis Prima, numeric (R1698 I7484 P1)
A	31004	fried	V1	27	V1	31	H	1752 Clavis Prima, numeric (R1698 I7484 P1)
A	31184	ver	V1	32	V1	36	H	1752 Clavis Prima, numeric (R1698 I7484 P1)
A	876	[A→B]	V1	37	V1	39	H	1752 Clavis Prima, numeric (R1698 I7484 P1), 800 column: 876 indic. Clav. Secundam
B	31162	schaff	V1	40	V1	44	H	1752 Clavis Secunda, numeric (R1698 I7486 P3)
B	31301	könnte	V1	45	V1	49	H	1752 Clavis Secunda, numeric (R1698 I7486 P3)
B	870	,	V1	50	V1	52	H	1752 Clavis Secunda, numeric (R1698 I7486 P3), 800 column: 870 coma
B	00	und	V1	53	V1	54	H	1752 Clavis Secunda, numeric (R1698 I7486 P3)
B	31384	gi	V1	55	V1	59	H	1752 Clavis Secunda, numeric (R1698 I7486 P3)
B	31042	eb	V1	60	V1	64	H	1752 Clavis Secunda, numeric (R1698 I7486 P3)
B	31238	t	V1	65	V1	69	H	1752 Clavis Secunda, numeric (R1698 I7486 P3)
B	8		V1	70	V1	70	H	1752 Nota, items 2 and 4 (R1696 I7480 P1): 8 is the errans (null) among two-digit numbers
B	31325	mir	V1	71	V1	75	H	1752 Clavis Secunda, numeric (R1698 I7486 P3)
B	31466	zu	V1	76	V1	80	H	1752 Clavis Secunda, numeric (R1698 I7486 P3)
B	53	mahl	V1	81	V1	82	H	1752 Clavis Secunda, numeric (R1698 I7486 P3)
B	50	die	V1	83	V2	1	H	1752 Clavis Secunda, numeric (R1698 I7486 P3)
B	31400	von	V2	2	V2	6	H	1752 Clavis Secunda, numeric (R1698 I7486 P3)
B	31460	den	V2	7	V2	11	H	1752 Clavis Secunda, numeric (R1698 I7486 P3)
B	31183	Farinelli	V2	12	V2	16	H	1752 Clavis Secunda, numeric (R1698 I7486 P3); explicit proper-name alternative in alphabetical and numerical keys
B	8		V2	17	V2	17	H	1752 Nota, items 2 and 4 (R1696 I7480 P1): 8 is the errans (null) among two-digit numbers
B	31010	gege	V2	18	V2	22	M	longer ge-variant, checked against alphabetical/numerical copies
B	31272	n	V2	23	V2	27	H	1752 Clavis Secunda, numeric (R1698 I7486 P3)
B	31057	Euer	V2	28	V2	32	H	1752 Clavis Secunda, numeric (R1698 I7486 P3)
B	31087	ho	V2	33	V2	37	H	1752 Clavis Secunda, numeric (R1698 I7486 P3)
B	31286	ch	V2	38	V2	42	H	1752 Clavis Secunda, numeric (R1698 I7486 P3)
B	31117	geb	V2	43	V2	47	H	1752 Clavis Secunda, numeric (R1698 I7486 P3)
B	31498	o	V2	48	V2	52	H	1752 Clavis Secunda, numeric (R1698 I7486 P3)
B	31016	H	V2	53	V2	57	H	1752 Clavis Secunda, numeric (R1698 I7486 P3)
B	31228	r	V2	58	V2	62	H	1752 Clavis Secunda, numeric (R1698 I7486 P3)
B	8		V2	63	V2	63	H	1752 Nota, items 2 and 4 (R1696 I7480 P1): 8 is the errans (null) among two-digit numbers
B	31157	n	V2	64	V2	68	H	1752 Clavis Secunda, numeric (R1698 I7486 P3)
B	00	und	V2	69	V2	70	H	1752 Clavis Secunda, numeric (R1698 I7486 P3)
B	31306	von	V2	71	V2	75	H	1752 Clavis Secunda, numeric (R1698 I7486 P3)
B	31460	den	V2	76	V2	80	H	1752 Clavis Secunda, numeric (R1698 I7486 P3)
B	31315	wa	V2	81	V2	85	H	1752 Clavis Secunda, numeric (R1698 I7486 P3)
B	31133	l/ll	V2	86	V3	2	H	1752 Clavis Secunda, numeric (R1698 I7486 P3)
B	31126	gege	V3	3	V3	7	M	longer ge-variant, checked against alphabetical/numerical copies
B	31272	n	V3	8	V3	12	H	1752 Clavis Secunda, numeric (R1698 I7486 P3)
B	31210	den	V3	13	V3	17	H	1752 Clavis Secunda, numeric (R1698 I7486 P3)
B	31182	französ	V3	18	V3	22	H	1752 Clavis Secunda, numeric (R1698 I7486 P3)
B	74	bo	V3	23	V3	24	H	1752 Clavis Secunda, numeric (R1698 I7486 P3)
B	31238	t	V3	25	V3	29	H	1752 Clavis Secunda, numeric (R1698 I7486 P3)
B	31162	schaff	V3	30	V3	34	H	1752 Clavis Secunda, numeric (R1698 I7486 P3)
B	31300	te/ten/ter	V3	35	V3	39	H	1752 Clavis Secunda, numeric (R1698 I7486 P3)
B	8		V3	40	V3	40	H	1752 Nota, items 2 and 4 (R1696 I7480 P1): 8 is the errans (null) among two-digit numbers
B	31264	fa	V3	41	V3	45	H	1752 Clavis Secunda, numeric (R1698 I7486 P3)
B	31377	st	V3	46	V3	50	H	1752 Clavis Secunda, numeric (R1698 I7486 P3)
B	31448	zu	V3	51	V3	55	H	1752 Clavis Secunda, numeric (R1698 I7486 P3)
B	31218	gl	V3	56	V3	60	H	1752 Clavis Secunda, numeric (R1698 I7486 P3)
B	31299	ei	V3	61	V3	65	H	1752 Clavis Secunda, numeric (R1698 I7486 P3)
B	02	ch	V3	66	V3	67	H	1752 Clavis Secunda, numeric (R1698 I7486 P3)
B	31014	zeit	V3	68	V3	72	H	1752 Clavis Secunda, numeric (R1698 I7486 P3)
B	31010	ge/gn/gen	V3	73	V3	77	H	1752 Clavis Secunda, numeric (R1698 I7486 P3)
B	31403	mach	V3	78	V3	82	H	1752 Clavis Secunda, numeric (R1698 I7486 P3)
B	63	genau	V3	83	V4	1	H	1752 Clavis Secunda, numeric (R1698 I7486 P3)
B	31218	gl	V4	2	V4	6	H	1752 Clavis Secunda, numeric (R1698 I7486 P3)
B	31299	ei	V4	7	V4	11	H	1752 Clavis Secunda, numeric (R1698 I7486 P3)
B	31286	ch	V4	12	V4	16	H	1752 Clavis Secunda, numeric (R1698 I7486 P3)
B	31006	fo	V4	17	V4	21	H	1752 Clavis Secunda, numeric (R1698 I7486 P3)
B	31334	r	V4	22	V4	26	H	1752 Clavis Secunda, numeric (R1698 I7486 P3)
B	31031	mi	V4	27	V4	31	H	1752 Clavis Secunda, numeric (R1698 I7486 P3)
B	31126	gn/gen	V4	32	V4	36	H	1752 Clavis Secunda, numeric (R1698 I7486 P3)
B	31075	aus	V4	37	V4	41	H	1752 Clavis Secunda, numeric (R1698 I7486 P3)
B	31225	ser	V4	42	V4	46	H	1752 Clavis Secunda, numeric (R1698 I7486 P3)
B	31291	ung	V4	47	V4	51	H	1752 Clavis Secunda, numeric (R1698 I7486 P3)
B	31500	seh[r]	V4	52	V4	56	H	1752 Clavis Secunda, numeric (R1698 I7486 P3)
B	31449	groß	V4	57	V4	61	H	1752 Clavis Secunda, numeric (R1698 I7486 P3)
B	41	hof	V4	62	V4	63	H	1752 Clavis Secunda, numeric (R1698 I7486 P3)
B	31089	nu	V4	64	V4	68	H	1752 Clavis Secunda, numeric (R1698 I7486 P3)
B	99	[g]	V4	69	V4	70	I	contextual emendation; not a universal historical99 mapping
B	841	,	V4	71	V4	73	H	1752 Clavis Secunda, numeric (R1698 I7486 P3), 800 column: 841 coma
B	12	daß	V4	74	V4	75	H	1752 Clavis Secunda, numeric (R1698 I7486 P3)
B	31142	scho	V4	76	V4	80	H	1752 Clavis Secunda, numeric (R1698 I7486 P3)
B	31157	n	V4	81	V5	1	H	1752 Clavis Secunda, numeric (R1698 I7486 P3)
B	31031	mi	V5	2	V5	6	H	1752 Clavis Secunda, numeric (R1698 I7486 P3)
B	31183	no	V5	7	V5	11	H	1752 Clavis Secunda, numeric (R1698 I7486 P3)
B	8		V5	12	V5	12	H	1752 Nota, items 2 and 4 (R1696 I7480 P1): 8 is the errans (null) among two-digit numbers
B	31334	r	V5	13	V5	17	H	1752 Clavis Secunda, numeric (R1698 I7486 P3)
B	31278	ca	V5	18	V5	22	H	1752 Clavis Secunda, numeric (R1698 I7486 P3)
B	44	an	V5	23	V5	24	H	1752 Clavis Secunda, numeric (R1698 I7486 P3)
B	31345	Spanien	V5	25	V5	29	H	1752 Clavis Secunda, numeric (R1698 I7486 P3)
B	31208	übr	V5	30	V5	34	H	1752 Clavis Secunda, numeric (R1698 I7486 P3)
B	31361	laß	V5	35	V5	39	H	1752 Clavis Secunda, numeric (R1698 I7486 P3)
B	09	würde	V5	40	V5	41	H	1752 Clavis Secunda, numeric (R1698 I7486 P3)
B	31437	wo	V5	42	V5	46	H	1752 Clavis Secunda, numeric (R1698 I7486 P3)
B	31466	zu	V5	47	V5	51	H	1752 Clavis Secunda, numeric (R1698 I7486 P3)
B	31365	sich	V5	52	V5	56	H	1752 Clavis Secunda, numeric (R1698 I7486 P3)
B	31239	Frankreich	V5	57	V5	61	H	1752 Clavis Secunda, numeric (R1698 I7486 P3)
B	31405	berg	V5	62	V5	66	M	uncertain handwriting or selected reading; see key-evidence.json
B	31034	i	V5	67	V5	71	H	1752 Clavis Secunda, numeric (R1698 I7486 P3)
B	31259	t	V5	72	V5	76	H	1752 Clavis Secunda, numeric (R1698 I7486 P3)
B	14	zi	V5	77	V5	78	H	1752 Clavis Secunda, numeric (R1698 I7486 P3)
B	31151	ge	V5	79	V5	83	H	1752 Clavis Secunda, numeric (R1698 I7486 P3)
B	54	un	V5	84	V6	1	H	1752 Clavis Secunda, numeric (R1698 I7486 P3)
B	31326	d	V6	2	V6	6	I	proposed digit repair or token boundary after deletion; see emendations.json
B	31091	woll	V6	7	V6	11	H	1752 Clavis Secunda, numeric (R1698 I7486 P3)
B	31304	leicht	V6	12	V6	16	H	1752 Clavis Secunda, numeric (R1698 I7486 P3)
B	95	en	V6	17	V6	18	I	proposed digit repair or token boundary after deletion; see emendations.json
B	31238	t	V6	19	V6	23	H	1752 Clavis Secunda, numeric (R1698 I7486 P3)
B	31201	schluß	V6	24	V6	28	H	1752 Clavis Secunda, numeric (R1698 I7486 P3)
B	31456	wird	V6	29	V6	33	H	1752 Clavis Secunda, numeric (R1698 I7486 P3)
B	31274	al	V6	34	V6	38	H	1752 Clavis Secunda, numeric (R1698 I7486 P3)
B	06	da	V6	39	V6	40	H	1752 Clavis Secunda, numeric (R1698 I7486 P3)
B	31307	n	V6	41	V6	45	H	1752 Clavis Secunda, numeric (R1698 I7486 P3)
B	26	dies	V6	46	V6	47	H	1752 Clavis Secunda, numeric (R1698 I7486 P3)
B	41	hof	V6	48	V6	49	H	1752 Clavis Secunda, numeric (R1698 I7486 P3)
B	44	an	V6	50	V6	51	H	1752 Clavis Secunda, numeric (R1698 I7486 P3)
B	31210	den	V6	52	V6	56	H	1752 Clavis Secunda, numeric (R1698 I7486 P3)
B	31144	krieg	V6	57	V6	61	H	1752 Clavis Secunda, numeric (R1698 I7486 P3)
B	94	mit	V6	62	V6	63	H	1752 Clavis Secunda, numeric (R1698 I7486 P3)
B	31458	theil	V6	64	V6	68	H	1752 Clavis Secunda, numeric (R1698 I7486 P3)
B	31408	ne	V6	69	V6	73	H	1752 Clavis Secunda, numeric (R1698 I7486 P3)
B	31016	H	V6	74	V7	1	H	1752 Clavis Secunda, numeric (R1698 I7486 P3)
B	66	me	V7	2	V7	3	H	1752 Clavis Secunda, numeric (R1698 I7486 P3)
B	00	und	V7	4	V7	5	H	1752 Clavis Secunda, numeric (R1698 I7486 P3)
B	44	an	V7	6	V7	7	H	1752 Clavis Secunda, numeric (R1698 I7486 P3)
B	31280	durch	V7	8	V7	12	H	1752 Clavis Secunda, numeric (R1698 I7486 P3)
B	31210	den	V7	13	V7	17	H	1752 Clavis Secunda, numeric (R1698 I7486 P3)
B	31399	Engelland	V7	18	V7	22	I	proposed digit repair or token boundary after deletion; see emendations.json
B	31157	n	V7	23	V7	27	H	1752 Clavis Secunda, numeric (R1698 I7486 P3)
B	31167	und	V7	28	V7	32	H	1752 Clavis Secunda, numeric (R1698 I7486 P3)
B	31397	Preuss	V7	33	V7	37	H	1752 Clavis Secunda, numeric (R1698 I7486 P3)
B	31272	n	V7	38	V7	42	H	1752 Clavis Secunda, numeric (R1698 I7486 P3)
B	41	hof	V7	43	V7	44	H	1752 Clavis Secunda, numeric (R1698 I7486 P3)
B	31073	in	V7	45	V7	49	H	1752 Clavis Secunda, numeric (R1698 I7486 P3)
B	31500	seh[r]	V7	50	V7	54	H	1752 Clavis Secunda, numeric (R1698 I7486 P3)
B	31449	groß	V7	55	V7	59	H	1752 Clavis Secunda, numeric (R1698 I7486 P3)
B	31342	ver	V7	60	V7	64	H	1752 Clavis Secunda, numeric (R1698 I7486 P3)
B	31330	le	V7	65	V7	69	H	1752 Clavis Secunda, numeric (R1698 I7486 P3)
B	31151	ge	V7	70	V7	74	H	1752 Clavis Secunda, numeric (R1698 I7486 P3)
B	31033	heit	V7	75	V7	79	H	1752 Clavis Secunda, numeric (R1698 I7486 P3)
B	31246	se	V7	80	V8	2	H	1752 Clavis Secunda, numeric (R1698 I7486 P3)
B	31282	t	V8	3	V8	7	H	1752 Clavis Secunda, numeric (R1698 I7486 P3)
B	31475	z	V8	8	V8	12	H	1752 Clavis Secunda, numeric (R1698 I7486 P3)
B	95	en	V8	13	V8	14	I	proposed digit repair or token boundary after deletion; see emendations.json
B	09	würde	V8	15	V8	16	H	1752 Clavis Secunda, numeric (R1698 I7486 P3)
B	897	.	V8	17	V8	19	H	1752 Clavis Secunda, numeric (R1698 I7486 P3), 800 column: 897 punctum
B	11	da	V8	20	V8	21	H	1752 Clavis Secunda, numeric (R1698 I7486 P3)
B	30000	ich	V8	22	V8	26	H	1752 Clavis Secunda, numeric (R1698 I7486 P3)
B	8		V8	27	V8	27	H	1752 Nota, items 2 and 4 (R1696 I7480 P1): 8 is the errans (null) among two-digit numbers
B	31089	nu	V8	28	V8	32	H	1752 Clavis Secunda, numeric (R1698 I7486 P3)
B	31057	Euer	V8	33	V8	37	H	1752 Clavis Secunda, numeric (R1698 I7486 P3)
B	31087	ho	V8	38	V8	42	H	1752 Clavis Secunda, numeric (R1698 I7486 P3)
B	31286	ch	V8	43	V8	47	H	1752 Clavis Secunda, numeric (R1698 I7486 P3)
B	31117	geb	V8	48	V8	52	H	1752 Clavis Secunda, numeric (R1698 I7486 P3)
B	31498	o	V8	53	V8	57	H	1752 Clavis Secunda, numeric (R1698 I7486 P3)
B	31016	H	V8	58	V8	62	H	1752 Clavis Secunda, numeric (R1698 I7486 P3)
B	31334	r	V8	63	V8	67	H	1752 Clavis Secunda, numeric (R1698 I7486 P3)
B	31157	n	V8	68	V8	72	H	1752 Clavis Secunda, numeric (R1698 I7486 P3)
B	31280	durch	V8	73	V8	77	H	1752 Clavis Secunda, numeric (R1698 I7486 P3)
B	31210	den	V8	78	V8	82	H	1752 Clavis Secunda, numeric (R1698 I7486 P3)
B	31455	Courier	V8	83	V8	87	H	1752 Clavis Secunda, numeric (R1698 I7486 P3)
B	14	zi	V8	88	V9	1	H	1752 Clavis Secunda, numeric (R1698 I7486 P3)
B	31307	n	V9	2	V9	6	H	1752 Clavis Secunda, numeric (R1698 I7486 P3)
B	99	er	V9	7	V9	8	H	1752 Clavis Secunda, numeric (R1698 I7486 P3)
B	31448	zu	V9	9	V9	13	H	1752 Clavis Secunda, numeric (R1698 I7486 P3)
B	31320	erst	V9	14	V9	18	H	1752 Clavis Secunda, numeric (R1698 I7486 P3)
B	31090	at	V9	19	V9	23	H	1752 Clavis Secunda, numeric (R1698 I7486 P3)
B	31300	te/ten/ter	V9	24	V9	28	H	1752 Clavis Secunda, numeric (R1698 I7486 P3)
B	8		V9	29	V9	29	H	1752 Nota, items 2 and 4 (R1696 I7480 P1): 8 is the errans (null) among two-digit numbers
B	8		V9	30	V9	30	H	1752 Nota, items 2 and 4 (R1696 I7480 P1): 8 is the errans (null) among two-digit numbers
B	31210	den	V9	31	V9	35	H	1752 Clavis Secunda, numeric (R1698 I7486 P3)
B	31070	fr/Bericht	V9	36	V9	40	H	1752 Clavis Secunda, numeric (R1698 I7486 P3)
B	94	mit	V9	41	V9	42	H	1752 Clavis Secunda, numeric (R1698 I7486 P3)
B	31457	viel	V9	43	V9	47	H	1752 Clavis Secunda, numeric (R1698 I7486 P3)
B	31222	m	V9	48	V9	52	H	1752 Clavis Secunda, numeric (R1698 I7486 P3)
B	31342	ver	V9	53	V9	57	H	1752 Clavis Secunda, numeric (R1698 I7486 P3)
B	899	[B→A]	V9	58	V9	60	H	1752 Clavis Secunda, numeric (R1698 I7486 P3), 800 column: 899 indic. Clav. Primam
A	31427	lan/lang/lau?	V9	61	V9	65	M	uncertain handwriting or selected reading; see key-evidence.json
A	31240	en	V9	66	V9	70	H	1752 Clavis Prima, numeric (R1698 I7484 P1)
A	31113	en	V9	71	V9	75	H	1752 Clavis Prima, numeric (R1698 I7484 P1)
A	62	t	V9	76	V9	77	H	1752 Clavis Prima, numeric (R1698 I7484 P1)
A	31115	gege	V9	78	V10	3	M	longer ge-variant, checked against alphabetical/numerical copies
A	95	n	V10	4	V10	5	H	1752 Clavis Prima, numeric (R1698 I7484 P1)
A	31154	s	V10	6	V10	10	H	1752 Clavis Prima, numeric (R1698 I7484 P1)
A	31247	eh	V10	11	V10	15	H	1752 Clavis Prima, numeric (R1698 I7484 P1)
A	8		V10	16	V10	16	H	1752 Nota, items 2 and 4 (R1696 I7480 P1): 8 is the errans (null) among two-digit numbers
A	8		V10	17	V10	17	H	1752 Nota, items 2 and 4 (R1696 I7480 P1): 8 is the errans (null) among two-digit numbers
A	31443	so	V10	18	V10	22	H	1752 Clavis Prima, numeric (R1698 I7484 P1)
A	31264	brauch	V10	23	V10	27	H	1752 Clavis Prima, numeric (R1698 I7484 P1)
A	31130	in	V10	28	V10	32	H	1752 Clavis Prima, numeric (R1698 I7484 P1)
A	52	des/den	V10	33	V10	34	H	1752 Clavis Prima, numeric (R1698 I7484 P1)
A	31272	nicht	V10	35	V10	39	H	1752 Clavis Prima, numeric (R1698 I7484 P1)
A	8		V10	40	V10	40	H	1752 Nota, items 2 and 4 (R1696 I7480 P1): 8 is the errans (null) among two-digit numbers
A	31101	be	V10	41	V10	45	H	1752 Clavis Prima, numeric (R1698 I7484 P1)
A	31368	s	V10	46	V10	50	I	proposed digit repair or token boundary after deletion; see emendations.json
A	31413	er	V10	51	V10	55	H	1752 Clavis Prima, numeric (R1698 I7484 P1)
A	8		V10	56	V10	56	H	1752 Nota, items 2 and 4 (R1696 I7480 P1): 8 is the errans (null) among two-digit numbers
A	31429	es	V10	57	V10	61	H	1752 Clavis Prima, numeric (R1698 I7484 P1)
A	31318	ein	V10	62	V10	66	H	1752 Clavis Prima, numeric (R1698 I7484 P1)
A	31424	rath	V10	67	V10	71	H	1752 Clavis Prima, numeric (R1698 I7484 P1)
A	69	als	V10	72	V10	73	H	1752 Clavis Prima, numeric (R1698 I7484 P1)
A	31130	in	V10	74	V10	78	H	1752 Clavis Prima, numeric (R1698 I7484 P1)
A	31293	dem	V10	79	V11	1	H	1752 Clavis Prima, numeric (R1698 I7484 P1)
A	31325	ber	V11	2	V11	6	H	1752 Clavis Prima, numeric (R1698 I7484 P1)
A	31062	ei	V11	7	V11	11	H	1752 Clavis Prima, numeric (R1698 I7484 P1)
A	62	t	V11	12	V11	13	H	1752 Clavis Prima, numeric (R1698 I7484 P1)
A	31154	s	V11	14	V11	18	H	1752 Clavis Prima, numeric (R1698 I7484 P1)
A	31112	ein	V11	19	V11	23	H	1752 Clavis Prima, numeric (R1698 I7484 P1)
A	31115	ge	V11	24	V11	28	H	1752 Clavis Prima, numeric (R1698 I7484 P1)
A	8		V11	29	V11	29	H	1752 Nota, items 2 and 4 (R1696 I7480 P1): 8 is the errans (null) among two-digit numbers
A	31271	sch	V11	30	V11	34	H	1752 Clavis Prima, numeric (R1698 I7484 P1)
A	31127	la	V11	35	V11	39	H	1752 Clavis Prima, numeric (R1698 I7484 P1)
A	31342	gen	V11	40	V11	44	H	1752 Clavis Prima, numeric (R1698 I7484 P1)
A	31058	en	V11	45	V11	49	H	1752 Clavis Prima, numeric (R1698 I7484 P1)
A	31391	we?	V11	50	V11	54	M	uncertain handwriting or selected reading; see key-evidence.json
A	31406	eg	V11	55	V11	59	H	1752 Clavis Prima, numeric (R1698 I7484 P1)
A	31314	fo	V11	60	V11	64	H	1752 Clavis Prima, numeric (R1698 I7484 P1)
A	90	r	V11	65	V11	66	H	1752 Clavis Prima, numeric (R1698 I7484 P1)
A	31257	t	V11	67	V11	71	H	1752 Clavis Prima, numeric (R1698 I7484 P1)
A	8		V11	72	V11	72	H	1752 Nota, items 2 and 4 (R1696 I7480 P1): 8 is the errans (null) among two-digit numbers
A	31394	zu/zeig	V11	73	V11	77	H	1752 Clavis Prima, numeric (R1698 I7484 P1)
A	31158	fa	V11	78	V11	82	H	1752 Clavis Prima, numeric (R1698 I7484 P1)
A	31116	h	V11	83	V11	87	H	1752 Clavis Prima, numeric (R1698 I7484 P1)
A	31085	ren	V11	88	V12	4	H	1752 Clavis Prima, numeric (R1698 I7484 P1)
A	30000	und	V12	5	V12	9	H	1752 Clavis Prima, numeric (R1698 I7484 P1)
A	31047	den	V12	10	V12	14	H	1752 Clavis Prima, numeric (R1698 I7484 P1)
A	8		V12	15	V12	15	H	1752 Nota, items 2 and 4 (R1696 I7480 P1): 8 is the errans (null) among two-digit numbers
A	31466	wa	V12	16	V12	20	H	1752 Clavis Prima, numeric (R1698 I7484 P1)
A	31136	l	V12	21	V12	25	H	1752 Clavis Prima, numeric (R1698 I7484 P1)
A	8		V12	26	V12	26	H	1752 Nota, items 2 and 4 (R1696 I7480 P1): 8 is the errans (null) among two-digit numbers
A	31443	so	V12	27	V12	31	H	1752 Clavis Prima, numeric (R1698 I7484 P1)
A	31492	viel	V12	32	V12	36	H	1752 Clavis Prima, numeric (R1698 I7484 P1)
A	31218	nur	V12	37	V12	41	H	1752 Clavis Prima, numeric (R1698 I7484 P1)
A	31170	im	V12	42	V12	46	H	1752 Clavis Prima, numeric (R1698 I7484 P1)
A	31210	mer	V12	47	V12	51	H	1752 Clavis Prima, numeric (R1698 I7484 P1)
A	8		V12	52	V12	52	H	1752 Nota, items 2 and 4 (R1696 I7480 P1): 8 is the errans (null) among two-digit numbers
A	31263	mög/lich	V12	53	V12	57	H	1752 Clavis Prima, numeric (R1698 I7484 P1)
A	70	durch	V12	58	V12	59	H	1752 Clavis Prima, numeric (R1698 I7484 P1)
A	31106	der	V12	60	V12	64	H	1752 Clavis Prima, numeric (R1698 I7484 P1)
A	31099	o	V12	65	V12	69	H	1752 Clavis Prima, numeric (R1698 I7484 P1)
A	99	[g]	V12	70	V12	71	I	contextual emendation; not a universal historical99 mapping
A	31271	sch	V12	72	V12	76	H	1752 Clavis Prima, numeric (R1698 I7484 P1)
A	31119	i	V12	77	V12	81	H	1752 Clavis Prima, numeric (R1698 I7484 P1)
A	31315	ck	V12	82	V13	1	H	1752 Clavis Prima, numeric (R1698 I7484 P1)
A	31262	te	V13	2	V13	6	H	1752 Clavis Prima, numeric (R1698 I7484 P1)
A	31447	s	V13	7	V13	11	H	1752 Clavis Prima, numeric (R1698 I7484 P1)
A	31060	ben	V13	12	V13	16	H	1752 Clavis Prima, numeric (R1698 I7484 P1)
A	8		V13	17	V13	17	H	1752 Nota, items 2 and 4 (R1696 I7480 P1): 8 is the errans (null) among two-digit numbers
A	31247	eh	V13	18	V13	22	H	1752 Clavis Prima, numeric (R1698 I7484 P1)
A	31210	mer	V13	23	V13	27	H	1752 Clavis Prima, numeric (R1698 I7484 P1)
A	31394	zu/zeig	V13	28	V13	32	H	1752 Clavis Prima, numeric (R1698 I7484 P1)
A	31484	wei	V13	33	V13	37	H	1752 Clavis Prima, numeric (R1698 I7484 P1)
A	8		V13	38	V13	38	H	1752 Nota, items 2 and 4 (R1696 I7480 P1): 8 is the errans (null) among two-digit numbers
A	31413	er	V13	39	V13	43	H	1752 Clavis Prima, numeric (R1698 I7484 P1)
A	31240	en	V13	44	V13	48	H	1752 Clavis Prima, numeric (R1698 I7484 P1)
A	31184	ver	V13	49	V13	53	H	1752 Clavis Prima, numeric (R1698 I7484 P1)
A	31500	trau	V13	54	V13	58	H	1752 Clavis Prima, numeric (R1698 I7484 P1)
A	31058	en	V13	59	V13	63	H	1752 Clavis Prima, numeric (R1698 I7484 P1)
A	31326	aus	V13	64	V13	68	H	1752 Clavis Prima, numeric (R1698 I7484 P1)
A	31451	ser	V13	69	V13	73	H	1752 Clavis Prima, numeric (R1698 I7484 P1)
A	31462	ung	V13	74	V13	78	H	1752 Clavis Prima, numeric (R1698 I7484 P1)
A	31089	zu	V13	79	V14	2	H	1752 Clavis Prima, numeric (R1698 I7484 P1)
A	31184	ver	V14	3	V14	7	H	1752 Clavis Prima, numeric (R1698 I7484 P1)
A	8		V14	8	V14	8	H	1752 Nota, items 2 and 4 (R1696 I7480 P1): 8 is the errans (null) among two-digit numbers
A	31263	mög/lich	V14	9	V14	13	H	1752 Clavis Prima, numeric (R1698 I7484 P1)
A	883	[cipher ends]	V14	14	V14	16	I	assumed framing or displaced punctuation boundary; see emendations.json
